pozo,codigo_npd,anio,mes,periodo,horas_en_linea_h,petroleo_sm3,gas_sm3,agua_sm3,gas_inyectado_sm3,agua_inyectada_sm3
15/9-F-1 C,7405,2014,4,2014-04,227.5,11142.47,1597936.65,0,,
15/9-F-1 C,7405,2014,5,2014-05,733.83,24901.95,3496229.65,783.48,,
15/9-F-1 C,7405,2014,6,2014-06,705.92,19617.76,2886661.69,2068.48,,
15/9-F-1 C,7405,2014,7,2014-07,742.42,15085.68,2249365.75,6243.98,,
15/9-F-1 C,7405,2014,8,2014-08,432.99,6970.43,1048190.8,4529.75,,
15/9-F-1 C,7405,2014,9,2014-09,630.3,9168.43,1414099.99,8317.59,,
15/9-F-1 C,7405,2014,10,2014-10,745,9468.06,1462063.99,10364.87,,
15/9-F-1 C,7405,2014,11,2014-11,579.77,6710.33,1044188.3,7234.24,,
15/9-F-1 C,7405,2014,12,2014-12,27.5,120.29,25857.08,183.44,,
15/9-F-1 C,7405,2015,1,2015-01,479.92,10875.53,1604934.6,6850.8,,
15/9-F-1 C,7405,2015,2,2015-02,437.42,9586.64,1439453.67,10744.99,,
15/9-F-1 C,7405,2015,3,2015-03,320.21,5879.22,856681.45,11607.44,,
15/9-F-1 C,7405,2015,4,2015-04,262.83,3924.18,566709.81,9815.16,,
15/9-F-1 C,7405,2015,5,2015-05,181.08,3832.69,559060.34,6167.47,,
15/9-F-1 C,7405,2015,6,2015-06,466.45,6344.5,925337.48,14548.69,,
15/9-F-1 C,7405,2015,7,2015-07,241.67,2093.95,315178.96,8454.26,,
15/9-F-1 C,7405,2015,8,2015-08,147.79,2871.02,427692.59,5334.03,,
15/9-F-1 C,7405,2015,9,2015-09,384.47,6460.27,961548.42,14767.12,,
15/9-F-1 C,7405,2015,10,2015-10,367.8,4085.8,631372.56,13538.71,,
15/9-F-1 C,7405,2015,11,2015-11,301.26,3332.05,508384.43,11682.31,,
15/9-F-1 C,7405,2015,12,2015-12,197.66,2949.42,454911.3,6231.55,,
15/9-F-1 C,7405,2016,1,2016-01,387.68,2981.44,471675.96,14036.28,,
15/9-F-1 C,7405,2016,2,2016-02,484.48,4718.03,742339.77,15945.73,,
15/9-F-1 C,7405,2016,3,2016-03,356.76,2917.5,476830.19,13410.89,,
15/9-F-1 C,7405,2016,4,2016-04,140.82,1671.69,274213.17,4441.13,,
15/9-F-11,7078,2013,7,2013-07,112.92,3923.08,590504.52,0,,
15/9-F-11,7078,2013,8,2013-08,586.72,25496.07,3871942.31,520.01,,
15/9-F-11,7078,2013,9,2013-09,538.92,23775.08,3661574,1573.61,,
15/9-F-11,7078,2013,10,2013-10,678.5,34114.5,5272724.29,1926.53,,
15/9-F-11,7078,2013,11,2013-11,712,35386.35,5413486.14,3791.22,,
15/9-F-11,7078,2013,12,2013-12,662.08,33405.75,5190658.82,4963.26,,
15/9-F-11,7078,2014,1,2014-01,668.08,34552.37,5193353.22,4343.49,,
15/9-F-11,7078,2014,2,2014-02,562.67,28189.97,4255282.68,2841.37,,
15/9-F-11,7078,2014,3,2014-03,655.5,33290.79,5039849.75,3692.22,,
15/9-F-11,7078,2014,4,2014-04,691.52,35428.73,5301958.8,4124.45,,
15/9-F-11,7078,2014,5,2014-05,731.5,34831.88,4902619.28,5017.47,,
15/9-F-11,7078,2014,6,2014-06,709.33,33898.64,4990684.52,6083.59,,
15/9-F-11,7078,2014,7,2014-07,742.67,33760.33,5035917.29,6800.85,,
15/9-F-11,7078,2014,8,2014-08,599.12,26037.54,4033770.42,6076.52,,
15/9-F-11,7078,2014,9,2014-09,690.67,33221.64,5220328.68,8349.05,,
15/9-F-11,7078,2014,10,2014-10,745,33851.72,5237208.3,10287.9,,
15/9-F-11,7078,2014,11,2014-11,692.39,26611.5,4153116.29,9403.58,,
15/9-F-11,7078,2014,12,2014-12,733.86,8547.92,1413111.64,3079.05,,
15/9-F-11,7078,2015,1,2015-01,708.33,29561.8,4358978.95,13860.6,,
15/9-F-11,7078,2015,2,2015-02,632.17,25347.22,3836073.69,14061.01,,
15/9-F-11,7078,2015,3,2015-03,743.83,44316.19,6516700.49,19387.3,,
15/9-F-11,7078,2015,4,2015-04,720,54555.76,7956467.49,23839.72,,
15/9-F-11,7078,2015,5,2015-05,744,55029.22,8027510.44,24425.53,,
15/9-F-11,7078,2015,6,2015-06,718.82,48231.1,7065851.59,22891.62,,
15/9-F-11,7078,2015,7,2015-07,744,43784.66,6508853.29,36195.93,,
15/9-F-11,7078,2015,8,2015-08,632.02,31498.15,4769902.18,31870.44,,
15/9-F-11,7078,2015,9,2015-09,718.72,31424.59,4748109.86,37411.85,,
15/9-F-11,7078,2015,10,2015-10,626.89,29724.78,4501570.02,38022.56,,
15/9-F-11,7078,2015,11,2015-11,671.31,36410.23,5558573.35,57058.61,,
15/9-F-11,7078,2015,12,2015-12,740.17,35933.9,5504665.46,62976.28,,
15/9-F-11,7078,2016,1,2016-01,736.5,31603.26,4949940.78,67980.66,,
15/9-F-11,7078,2016,2,2016-02,695.58,25954.57,4093286.56,66610.49,,
15/9-F-11,7078,2016,3,2016-03,743,25023.66,4032038.1,76636.96,,
15/9-F-11,7078,2016,4,2016-04,579.08,13429,2194427.05,57931.66,,
15/9-F-11,7078,2016,5,2016-05,744,15528.75,2450713.77,73445.23,,
15/9-F-11,7078,2016,6,2016-06,718.42,14590.61,2349131.22,71699.35,,
15/9-F-11,7078,2016,7,2016-07,740,14384.88,2309447.47,77084.72,,
15/9-F-11,7078,2016,8,2016-08,743.67,14583.73,2341371.55,87762.19,,
15/9-F-11,7078,2016,9,2016-09,392.28,8609.18,1458816.35,46779.39,,
15/9-F-12,5599,2008,2,2008-02,406.62,49091.06,7068009.29,412.61,,
15/9-F-12,5599,2008,3,2008-03,655.11,83361.26,12191170.91,27.42,,
15/9-F-12,5599,2008,4,2008-04,613.65,74532.45,11506440.74,482.05,,
15/9-F-12,5599,2008,5,2008-05,716.19,125478.56,19091871.52,16280.12,,
15/9-F-12,5599,2008,6,2008-06,675.92,143786.85,21512333.93,474.37,,
15/9-F-12,5599,2008,7,2008-07,710.74,114994.61,17116441.78,290.02,,
15/9-F-12,5599,2008,8,2008-08,672.83,97822.46,14143008.24,354.18,,
15/9-F-12,5599,2008,9,2008-09,567.97,77666.95,11185944.41,188.39,,
15/9-F-12,5599,2008,10,2008-10,737.5,94357.23,13430833.95,624.05,,
15/9-F-12,5599,2008,11,2008-11,712.67,145915.56,20837122.26,2390.31,,
15/9-F-12,5599,2008,12,2008-12,744,166439.67,24106361.74,1003.31,,
15/9-F-12,5599,2009,1,2009-01,740.83,153677.16,22255224.02,389.76,,
15/9-F-12,5599,2009,2,2009-02,656.31,121905.01,17427051.54,0,,
15/9-F-12,5599,2009,3,2009-03,506.33,92958.71,13123546.99,0,,
15/9-F-12,5599,2009,4,2009-04,719.17,150955.68,20931107.81,1246.29,,
15/9-F-12,5599,2009,5,2009-05,695.17,141039.01,19366853.43,3106.49,,
15/9-F-12,5599,2009,6,2009-06,715.32,132429.71,17787475.65,2658.63,,
15/9-F-12,5599,2009,7,2009-07,742.17,106105.25,14721967.2,3289.44,,
15/9-F-12,5599,2009,8,2009-08,589.08,112414.27,15676349.96,5024.01,,
15/9-F-12,5599,2009,9,2009-09,493.25,90098.89,12553421.69,2235.08,,
15/9-F-12,5599,2009,10,2009-10,683.74,126939.65,17819694.28,6812.79,,
15/9-F-12,5599,2009,11,2009-11,705.75,136015.68,19181583.58,11286.87,,
15/9-F-12,5599,2009,12,2009-12,728.5,158001.52,22160862.45,17321.2,,
15/9-F-12,5599,2010,1,2010-01,742.17,149658.83,21044604.02,30230.27,,
15/9-F-12,5599,2010,2,2010-02,608.73,103026,14520589.94,43215.66,,
15/9-F-12,5599,2010,3,2010-03,647.67,101571.61,14278518.8,53998.5,,
15/9-F-12,5599,2010,4,2010-04,706,86253.61,12161145.93,67996.09,,
15/9-F-12,5599,2010,5,2010-05,733.17,77113.56,10970381.3,74438.31,,
15/9-F-12,5599,2010,6,2010-06,717.17,69617.37,9944534.27,83268.36,,
15/9-F-12,5599,2010,7,2010-07,742.33,64039.69,9283376.77,95054.15,,
15/9-F-12,5599,2010,8,2010-08,427.43,30117.36,4346504.25,54787.65,,
15/9-F-12,5599,2010,9,2010-09,644.75,51312.93,7750210.88,89428.8,,
15/9-F-12,5599,2010,10,2010-10,743,51430.58,7741377.24,99542.87,,
15/9-F-12,5599,2010,11,2010-11,690.33,44468.45,6747077.64,102235.65,,
15/9-F-12,5599,2010,12,2010-12,741.33,45217.96,6910660.46,111335.89,,
15/9-F-12,5599,2011,1,2011-01,743.5,44746.55,6824000.89,116885.54,,
15/9-F-12,5599,2011,2,2011-02,557.25,29157.49,4519227.07,85274.18,,
15/9-F-12,5599,2011,3,2011-03,729.83,37395.05,5760219.21,113239.35,,
15/9-F-12,5599,2011,4,2011-04,717.92,37819.72,5877460.87,116196.38,,
15/9-F-12,5599,2011,5,2011-05,736.04,37204.71,5801740.29,119567.47,,
15/9-F-12,5599,2011,6,2011-06,463.27,22026.06,3412025.77,74563.44,,
15/9-F-12,5599,2011,7,2011-07,245.25,12462.42,1823751.35,31887.51,,
15/9-F-12,5599,2011,8,2011-08,651.49,36380.15,5446516.53,99004.87,,
15/9-F-12,5599,2011,9,2011-09,707,29999.17,4566406.76,110471.84,,
15/9-F-12,5599,2011,10,2011-10,325.66,12647.5,1919664.23,52875.8,,
15/9-F-12,5599,2011,11,2011-11,459.33,21789.05,3242433.68,75772.93,,
15/9-F-12,5599,2011,12,2011-12,424.82,18090.2,2650493.31,64676.69,,
15/9-F-12,5599,2012,1,2012-01,399.66,18217.85,2722573.45,63857.71,,
15/9-F-12,5599,2012,2,2012-02,688.76,27362.26,4289924.83,133954.93,,
15/9-F-12,5599,2012,3,2012-03,740.42,26679.88,4276185.92,142184.01,,
15/9-F-12,5599,2012,4,2012-04,710.29,24088.35,3866150.19,138112.43,,
15/9-F-12,5599,2012,5,2012-05,737.69,22415.15,3630958.27,140203.43,,
15/9-F-12,5599,2012,6,2012-06,711.33,20887.38,3394646.36,134081.24,,
15/9-F-12,5599,2012,7,2012-07,744,21206.94,3444768.69,140164.53,,
15/9-F-12,5599,2012,8,2012-08,288.62,8998.24,1376155.08,54786.62,,
15/9-F-12,5599,2012,9,2012-09,26.99,1013.93,156920.4,4513.08,,
15/9-F-12,5599,2012,10,2012-10,610.17,19612.85,3067585.4,121317.43,,
15/9-F-12,5599,2012,11,2012-11,720,19018.88,3086439.76,134909.36,,
15/9-F-12,5599,2012,12,2012-12,700.25,16320.65,2717290.03,131667.43,,
15/9-F-12,5599,2013,1,2013-01,744,17408.57,2881178.96,139783.93,,
15/9-F-12,5599,2013,2,2013-02,672,15087.38,2461248.52,126325.44,,
15/9-F-12,5599,2013,3,2013-03,307.77,6305.81,1053665.62,57120.76,,
15/9-F-12,5599,2013,4,2013-04,513.47,12351.34,2055291.86,102945.43,,
15/9-F-12,5599,2013,5,2013-05,732.06,16313.4,2757755.17,147164.69,,
15/9-F-12,5599,2013,6,2013-06,566.67,11899.57,2037219.83,112559.07,,
15/9-F-12,5599,2013,7,2013-07,581.27,11861.63,1919702.47,112172.58,,
15/9-F-12,5599,2013,8,2013-08,687.98,15147.18,2354241.49,152994.91,,
15/9-F-12,5599,2013,9,2013-09,589.99,9223.53,1446819.31,104678.41,,
15/9-F-12,5599,2013,10,2013-10,680,8305.01,1283583.5,137534.62,,
15/9-F-12,5599,2013,11,2013-11,648.64,7170.56,1102962.23,122993.19,,
15/9-F-12,5599,2013,12,2013-12,633.4,7079.52,1101388.53,125859.26,,
15/9-F-12,5599,2014,1,2014-01,486.14,4997.24,766195.72,87030.26,,
15/9-F-12,5599,2014,2,2014-02,561.9,6101.4,921967.01,110297.86,,
15/9-F-12,5599,2014,3,2014-03,656.72,6835.66,1036071.18,127351.18,,
15/9-F-12,5599,2014,4,2014-04,693.02,5892.01,883605,141144.82,,
15/9-F-12,5599,2014,5,2014-05,427.33,3237.7,469664,88748.26,,
15/9-F-12,5599,2014,6,2014-06,707.33,5751.2,846733.74,152034.68,,
15/9-F-12,5599,2014,7,2014-07,743.17,5791.84,864045.93,152314.38,,
15/9-F-12,5599,2014,8,2014-08,593.37,4448.49,704538.16,126629.09,,
15/9-F-12,5599,2014,9,2014-09,685.83,5062.59,803970.67,149375.78,,
15/9-F-12,5599,2014,10,2014-10,745,5385.61,833120.57,155365.68,,
15/9-F-12,5599,2014,11,2014-11,580.94,4495.06,700998.22,114660.7,,
15/9-F-12,5599,2014,12,2014-12,0,0,0,0,,
15/9-F-12,5599,2015,1,2015-01,715.58,25712.55,3780459.43,11588.22,,
15/9-F-12,5599,2015,2,2015-02,622.8,19578.55,2960674.24,15115.5,,
15/9-F-12,5599,2015,3,2015-03,665.12,19341.43,2853432.83,19255.66,,
15/9-F-12,5599,2015,4,2015-04,720,19796.56,2889394.96,20808.06,,
15/9-F-12,5599,2015,5,2015-05,744,16996.48,2479620.4,25200.83,,
15/9-F-12,5599,2015,6,2015-06,709.32,19536.3,2859707.1,32902.68,,
15/9-F-12,5599,2015,7,2015-07,744,19157.45,2846820.92,36480.53,,
15/9-F-12,5599,2015,8,2015-08,636.68,13473.27,2047120.71,31629.02,,
15/9-F-12,5599,2015,9,2015-09,719.32,12494.51,1888048.66,35065.36,,
15/9-F-12,5599,2015,10,2015-10,738.67,11888.63,1821328.15,38151.12,,
15/9-F-12,5599,2015,11,2015-11,719.5,11369.48,1748311.35,37662.5,,
15/9-F-12,5599,2015,12,2015-12,731.33,10855.97,1662453.18,37288,,
15/9-F-12,5599,2016,1,2016-01,736.5,9494.98,1487340.06,38969.86,,
15/9-F-12,5599,2016,2,2016-02,695.58,7644.12,1205549.1,35253.46,,
15/9-F-12,5599,2016,3,2016-03,743,7359.93,1185893.56,40507.21,,
15/9-F-12,5599,2016,4,2016-04,718.83,6152.17,1015034.36,37126.04,,
15/9-F-12,5599,2016,5,2016-05,740.5,5865.13,925513.84,36147.78,,
15/9-F-12,5599,2016,6,2016-06,703.26,5408.31,870533.4,34608.45,,
15/9-F-12,5599,2016,7,2016-07,703.73,4533.82,729319.16,29940.18,,
15/9-F-12,5599,2016,8,2016-08,285.89,1442.03,232557.71,10937.14,,
15/9-F-12,5599,2016,9,2016-09,0,0,0,0,,
15/9-F-14,5351,2008,2,2008-02,0,0,0,0,,
15/9-F-14,5351,2008,3,2008-03,0,0,0,0,,
15/9-F-14,5351,2008,4,2008-04,0,0,0,0,,
15/9-F-14,5351,2008,5,2008-05,0,0,0,0,,
15/9-F-14,5351,2008,6,2008-06,0,0,0,0,,
15/9-F-14,5351,2008,7,2008-07,437.57,51285.08,7538861.07,126.17,,
15/9-F-14,5351,2008,8,2008-08,458.4,67621.2,9780532.34,222.53,,
15/9-F-14,5351,2008,9,2008-09,642.71,114596.26,16340514.75,275.73,,
15/9-F-14,5351,2008,10,2008-10,742.5,142817.06,20326866.32,101.25,,
15/9-F-14,5351,2008,11,2008-11,717.83,104409.61,14906020.01,189.89,,
15/9-F-14,5351,2008,12,2008-12,744,110199.28,15956253.45,66.54,,
15/9-F-14,5351,2009,1,2009-01,705.17,115572.66,16718455.33,977.79,,
15/9-F-14,5351,2009,2,2009-02,638.42,113880.98,16254377.44,2529.24,,
15/9-F-14,5351,2009,3,2009-03,530.8,90644.44,12702463.22,1678.17,,
15/9-F-14,5351,2009,4,2009-04,537.63,86944.06,11926656.18,246.47,,
15/9-F-14,5351,2009,5,2009-05,694.67,116175.04,15944548.83,3440.05,,
15/9-F-14,5351,2009,6,2009-06,691.9,86654.03,12141881.11,5731.18,,
15/9-F-14,5351,2009,7,2009-07,742.17,64871.82,9127860.49,6772.73,,
15/9-F-14,5351,2009,8,2009-08,656.82,112493.5,15664621.81,20793.78,,
15/9-F-14,5351,2009,9,2009-09,509.08,90349.8,12564633.24,15274.84,,
15/9-F-14,5351,2009,10,2009-10,655.42,96707.32,13556584.82,26099.06,,
15/9-F-14,5351,2009,11,2009-11,709.25,98043.5,13821883.66,39016.45,,
15/9-F-14,5351,2009,12,2009-12,726.67,89514.35,12552907.78,56173.42,,
15/9-F-14,5351,2010,1,2010-01,742.17,82221.25,11561301.92,70004.16,,
15/9-F-14,5351,2010,2,2010-02,610.17,62092.98,8751248.29,62000.25,,
15/9-F-14,5351,2010,3,2010-03,654.11,66989.25,9421805.36,64560.85,,
15/9-F-14,5351,2010,4,2010-04,679.81,73035.81,10288470.42,69865.31,,
15/9-F-14,5351,2010,5,2010-05,740.17,87809.28,12490295.91,85315.44,,
15/9-F-14,5351,2010,6,2010-06,717.75,75309.82,10756576.8,96580.92,,
15/9-F-14,5351,2010,7,2010-07,742.42,69600.25,10073534.35,101216.35,,
15/9-F-14,5351,2010,8,2010-08,425.1,38413.73,5543252.28,56452.9,,
15/9-F-14,5351,2010,9,2010-09,566.15,55405.21,8260552.19,66506.82,,
15/9-F-14,5351,2010,10,2010-10,743.17,78755.31,11853846.58,100949.14,,
15/9-F-14,5351,2010,11,2010-11,683.42,62555.48,9485348.68,96969.98,,
15/9-F-14,5351,2010,12,2010-12,741.5,63886.23,9763159.53,111640.46,,
15/9-F-14,5351,2011,1,2011-01,744,61328.45,9353204.41,111168.02,,
15/9-F-14,5351,2011,2,2011-02,561.5,44066.31,6830109.59,79492.13,,
15/9-F-14,5351,2011,3,2011-03,732.5,56709.96,8733754.97,117498.23,,
15/9-F-14,5351,2011,4,2011-04,717.67,51814.24,8052242.88,122053.6,,
15/9-F-14,5351,2011,5,2011-05,741.25,51121.62,7972927.68,129331.86,,
15/9-F-14,5351,2011,6,2011-06,465.18,31194.51,4835912.15,81258.77,,
15/9-F-14,5351,2011,7,2011-07,254.51,20211.31,3064565.93,42012.13,,
15/9-F-14,5351,2011,8,2011-08,652.33,49730.28,7681607.89,108934.77,,
15/9-F-14,5351,2011,9,2011-09,708,51053.13,8021384.18,133957.61,,
15/9-F-14,5351,2011,10,2011-10,327.07,21807.23,3406338.4,56487.87,,
15/9-F-14,5351,2011,11,2011-11,464.31,35043.89,5381237.58,73586.39,,
15/9-F-14,5351,2011,12,2011-12,436.65,34166.4,5142969.72,74442.9,,
15/9-F-14,5351,2012,1,2012-01,363.82,27309.23,4156158.72,57518.38,,
15/9-F-14,5351,2012,2,2012-02,692.67,36797.66,5598558.93,55275.84,,
15/9-F-14,5351,2012,3,2012-03,740.83,34745.59,5378188.67,60225.91,,
15/9-F-14,5351,2012,4,2012-04,720,36509.79,5673229.82,72811.24,,
15/9-F-14,5351,2012,5,2012-05,741.08,35051.96,5495387.93,82877.31,,
15/9-F-14,5351,2012,6,2012-06,711.17,31665.55,4980411.28,80184.2,,
15/9-F-14,5351,2012,7,2012-07,744,32960.7,5181262.48,83969.56,,
15/9-F-14,5351,2012,8,2012-08,288.62,12689.84,1974233.52,33257.32,,
15/9-F-14,5351,2012,9,2012-09,30.78,1655.08,245981.03,2918.19,,
15/9-F-14,5351,2012,10,2012-10,610.17,33944.02,5155057.85,60061.38,,
15/9-F-14,5351,2012,11,2012-11,720,34931.66,5485685.31,87226.64,,
15/9-F-14,5351,2012,12,2012-12,711,30122.89,4854889.04,93523.46,,
15/9-F-14,5351,2013,1,2013-01,744,30184.8,4834717.2,99784.43,,
15/9-F-14,5351,2013,2,2013-02,667.92,26595.53,4196331.85,92120.59,,
15/9-F-14,5351,2013,3,2013-03,508.3,18816.52,2783792.79,70618.72,,
15/9-F-14,5351,2013,4,2013-04,557.33,22875.42,3676256.95,79450.26,,
15/9-F-14,5351,2013,5,2013-05,733.5,27661.53,4525932.12,109553.2,,
15/9-F-14,5351,2013,6,2013-06,630.08,22298.26,3652742.89,93413.24,,
15/9-F-14,5351,2013,7,2013-07,660.84,22602.78,3553396.55,94589.45,,
15/9-F-14,5351,2013,8,2013-08,687.83,21666.9,3259563.55,91453.17,,
15/9-F-14,5351,2013,9,2013-09,626.83,17870.72,2707856.27,92677.05,,
15/9-F-14,5351,2013,10,2013-10,658.67,18441.11,2757135.18,96753.57,,
15/9-F-14,5351,2013,11,2013-11,681.25,19248.66,2853579.7,103737.87,,
15/9-F-14,5351,2013,12,2013-12,630.08,15495.97,2330523.99,97307.32,,
15/9-F-14,5351,2014,1,2014-01,673.25,16686.58,2426753.21,106725.74,,
15/9-F-14,5351,2014,2,2014-02,598.61,14766.13,2161271.57,96430.28,,
15/9-F-14,5351,2014,3,2014-03,677.17,14954.84,2196383.02,101501.18,,
15/9-F-14,5351,2014,4,2014-04,701.46,16572.24,2398888.09,104862.29,,
15/9-F-14,5351,2014,5,2014-05,701.5,13637.02,1943519.37,98851.21,,
15/9-F-14,5351,2014,6,2014-06,710,13257.99,1951326.48,103420.97,,
15/9-F-14,5351,2014,7,2014-07,743.08,13495.98,2012912.64,99765.12,,
15/9-F-14,5351,2014,8,2014-08,599.78,8443.73,1333766.64,82815.84,,
15/9-F-14,5351,2014,9,2014-09,689.67,9622.21,1516704.37,97941.37,,
15/9-F-14,5351,2014,10,2014-10,745,10076.22,1558794.24,104963.4,,
15/9-F-14,5351,2014,11,2014-11,708.5,10386.41,1643092.74,103384.87,,
15/9-F-14,5351,2014,12,2014-12,740.83,9665.11,1601950.3,100254.94,,
15/9-F-14,5351,2015,1,2015-01,718.13,9120.98,1357132.6,95024.85,,
15/9-F-14,5351,2015,2,2015-02,655.06,7178.8,1092571.04,91844.46,,
15/9-F-14,5351,2015,3,2015-03,744,8069.04,1195524.25,107454.33,,
15/9-F-14,5351,2015,4,2015-04,720,7687.2,1121236.5,101303.06,,
15/9-F-14,5351,2015,5,2015-05,744,7147.79,1042506.82,102927.47,,
15/9-F-14,5351,2015,6,2015-06,718.82,6069.93,889055.86,100367.07,,
15/9-F-14,5351,2015,7,2015-07,741.04,6720.74,999142.24,96224.54,,
15/9-F-14,5351,2015,8,2015-08,629.39,4876.31,737504.53,79596.64,,
15/9-F-14,5351,2015,9,2015-09,719.07,5300.41,799234.86,84511.31,,
15/9-F-14,5351,2015,10,2015-10,741.92,5634.86,863230.28,97864.97,,
15/9-F-14,5351,2015,11,2015-11,719.5,5431.56,835108.42,96061.08,,
15/9-F-14,5351,2015,12,2015-12,740.5,5158.09,790131.36,94593.75,,
15/9-F-14,5351,2016,1,2016-01,736.33,4606.3,721123.87,97147.72,,
15/9-F-14,5351,2016,2,2016-02,695.58,3941.77,621658.73,86357.85,,
15/9-F-14,5351,2016,3,2016-03,737.67,3753.8,604911.16,98119.24,,
15/9-F-14,5351,2016,4,2016-04,715.83,3112.41,514414.42,91934.95,,
15/9-F-14,5351,2016,5,2016-05,738,3212.96,506857.03,89415.55,,
15/9-F-14,5351,2016,6,2016-06,716.08,3075.03,495103.7,88380.72,,
15/9-F-14,5351,2016,7,2016-07,301.23,1326.86,215288.52,37892.52,,
15/9-F-14,5351,2016,8,2016-08,0,0,0,0,,
15/9-F-14,5351,2016,9,2016-09,0,0,0,0,,
15/9-F-15 D,7289,2014,1,2014-01,339.92,5674.63,820968.96,0,,
15/9-F-15 D,7289,2014,2,2014-02,595.65,7898.6,1196183.89,0,,
15/9-F-15 D,7289,2014,3,2014-03,670.75,7081.47,1076363.95,0,,
15/9-F-15 D,7289,2014,4,2014-04,700.88,7163.3,1074270.33,0,,
15/9-F-15 D,7289,2014,5,2014-05,744,7218.61,1014000.02,0,,
15/9-F-15 D,7289,2014,6,2014-06,709.33,7012.55,1032224.48,0,,
15/9-F-15 D,7289,2014,7,2014-07,732.67,6847.42,1021004.31,0,,
15/9-F-15 D,7289,2014,8,2014-08,433.32,3475.39,526611.07,0,,
15/9-F-15 D,7289,2014,9,2014-09,647.46,5314.55,833248.65,0,,
15/9-F-15 D,7289,2014,10,2014-10,733.33,5732.97,886879.16,182.78,,
15/9-F-15 D,7289,2014,11,2014-11,597.38,4716.31,732052.12,192.87,,
15/9-F-15 D,7289,2014,12,2014-12,0,0,0,0,,
15/9-F-15 D,7289,2015,1,2015-01,697.47,5975.51,878873.59,207.79,,
15/9-F-15 D,7289,2015,2,2015-02,649.39,4581.29,696960.15,258.99,,
15/9-F-15 D,7289,2015,3,2015-03,665.67,4133.47,610220.42,309.74,,
15/9-F-15 D,7289,2015,4,2015-04,720,4259.92,621371.14,318.03,,
15/9-F-15 D,7289,2015,5,2015-05,737.17,4057.96,591890.28,301.77,,
15/9-F-15 D,7289,2015,6,2015-06,718.98,3665.8,537022.8,291.57,,
15/9-F-15 D,7289,2015,7,2015-07,420.18,2238.45,329941.91,184.75,,
15/9-F-15 D,7289,2015,8,2015-08,276.29,3577.67,542285.92,1856.58,,
15/9-F-15 D,7289,2015,9,2015-09,719.16,7417.35,1121246.68,3986.62,,
15/9-F-15 D,7289,2015,10,2015-10,743.17,6346.83,972413.69,3628.62,,
15/9-F-15 D,7289,2015,11,2015-11,438.73,3926.01,605737.54,2740.47,,
15/9-F-15 D,7289,2015,12,2015-12,541.17,4919.04,751606.71,5075.94,,
15/9-F-15 D,7289,2016,1,2016-01,350.4,2890.93,445568.02,3648.91,,
15/9-F-15 D,7289,2016,2,2016-02,694.75,5109.33,805794.85,5891.02,,
15/9-F-15 D,7289,2016,3,2016-03,550.66,3747.55,600593.91,5035.04,,
15/9-F-15 D,7289,2016,4,2016-04,576.51,4544.16,751127.49,5688.1,,
15/9-F-15 D,7289,2016,5,2016-05,677.17,4699.01,740192.61,6004.13,,
15/9-F-15 D,7289,2016,6,2016-06,604.92,3463.91,555535.97,5390.5,,
15/9-F-15 D,7289,2016,7,2016-07,138.38,828.57,133160.33,1172.18,,
15/9-F-15 D,7289,2016,8,2016-08,0,0,0,0,,
15/9-F-15 D,7289,2016,9,2016-09,0,0,0,0,,
15/9-F-4,5693,2007,9,2007-09,,,,,,
15/9-F-4,5693,2007,10,2007-10,,,,,,
15/9-F-4,5693,2007,11,2007-11,,,,,,
15/9-F-4,5693,2007,12,2007-12,,,,,,
15/9-F-4,5693,2008,1,2008-01,0,,,,,
15/9-F-4,5693,2008,2,2008-02,0,,,,,
15/9-F-4,5693,2008,3,2008-03,0,,,,,0
15/9-F-4,5693,2008,4,2008-04,118.65,,,,,29752.69
15/9-F-4,5693,2008,5,2008-05,714,,,,,221337.11
15/9-F-4,5693,2008,6,2008-06,598.82,,,,,211803.65
15/9-F-4,5693,2008,7,2008-07,620.81,,,,,232029.66
15/9-F-4,5693,2008,8,2008-08,663.08,,,,,213913.26
15/9-F-4,5693,2008,9,2008-09,558.15,,,,,98583.3
15/9-F-4,5693,2008,10,2008-10,701.92,,,,,233503.41
15/9-F-4,5693,2008,11,2008-11,711.67,,,,,222126.1
15/9-F-4,5693,2008,12,2008-12,742.67,,,,,263191.84
15/9-F-4,5693,2009,1,2009-01,699.33,,,,,246659.9
15/9-F-4,5693,2009,2,2009-02,639.67,,,,,221133.68
15/9-F-4,5693,2009,3,2009-03,191.08,,,,,61187.97
15/9-F-4,5693,2009,4,2009-04,543.8,,,,,106559.35
15/9-F-4,5693,2009,5,2009-05,710.5,,,,,231503.1
15/9-F-4,5693,2009,6,2009-06,690.65,,,,,129987.98
15/9-F-4,5693,2009,7,2009-07,734.83,,,,,191228.27
15/9-F-4,5693,2009,8,2009-08,704.83,,,,,191924.36
15/9-F-4,5693,2009,9,2009-09,509.67,,,,,163785.32
15/9-F-4,5693,2009,10,2009-10,683.73,,,,,182104.73
15/9-F-4,5693,2009,11,2009-11,706.25,,,,,203874.35
15/9-F-4,5693,2009,12,2009-12,739.5,,,,,219529.24
15/9-F-4,5693,2010,1,2010-01,735.17,,,,,222678.96
15/9-F-4,5693,2010,2,2010-02,596.17,,,,,185785.74
15/9-F-4,5693,2010,3,2010-03,622.41,,,,,168939.05
15/9-F-4,5693,2010,4,2010-04,669.83,,,,,222633.12
15/9-F-4,5693,2010,5,2010-05,744,,,,,252526.35
15/9-F-4,5693,2010,6,2010-06,715.67,,,,,210363.84
15/9-F-4,5693,2010,7,2010-07,743.5,,,,,198041.4
15/9-F-4,5693,2010,8,2010-08,420.27,,,,,108631.76
15/9-F-4,5693,2010,9,2010-09,631.16,,,,,145251.25
15/9-F-4,5693,2010,10,2010-10,700.57,,,,,194727.43
15/9-F-4,5693,2010,11,2010-11,644.84,,,,,167466.13
15/9-F-4,5693,2010,12,2010-12,716.83,,,,,188426.12
15/9-F-4,5693,2011,1,2011-01,731.08,,,,,189083.65
15/9-F-4,5693,2011,2,2011-02,536.75,,,,,135389.68
15/9-F-4,5693,2011,3,2011-03,716.25,,,,,184841.17
15/9-F-4,5693,2011,4,2011-04,696.5,,,,,180529.42
15/9-F-4,5693,2011,5,2011-05,737.25,,,,,188176.56
15/9-F-4,5693,2011,6,2011-06,436.09,,,,,120235.26
15/9-F-4,5693,2011,7,2011-07,248.09,,,,,65179.63
15/9-F-4,5693,2011,8,2011-08,642.83,,,,,173404.7
15/9-F-4,5693,2011,9,2011-09,689.17,,,,,174968.31
15/9-F-4,5693,2011,10,2011-10,329.05,,,,,77827.96
15/9-F-4,5693,2011,11,2011-11,475.17,,,,,121602.29
15/9-F-4,5693,2011,12,2011-12,438.68,,,,,109912.56
15/9-F-4,5693,2012,1,2012-01,426.25,,,,,91244.76
15/9-F-4,5693,2012,2,2012-02,691.08,,,,,147124.85
15/9-F-4,5693,2012,3,2012-03,735.08,,,,,149154.71
15/9-F-4,5693,2012,4,2012-04,720,,,,,147365.65
15/9-F-4,5693,2012,5,2012-05,733.08,,,,,149129.81
15/9-F-4,5693,2012,6,2012-06,710.17,,,,,144762.43
15/9-F-4,5693,2012,7,2012-07,744,,,,,150430.99
15/9-F-4,5693,2012,8,2012-08,292.12,,,,,58172.37
15/9-F-4,5693,2012,9,2012-09,31.66,,,,,6025.01
15/9-F-4,5693,2012,10,2012-10,507.99,,,,,110449.68
15/9-F-4,5693,2012,11,2012-11,720,,,,,162488.45
15/9-F-4,5693,2012,12,2012-12,698.5,,,,,144569.26
15/9-F-4,5693,2013,1,2013-01,734.25,,,,,155627.7
15/9-F-4,5693,2013,2,2013-02,672,,,,,138901.76
15/9-F-4,5693,2013,3,2013-03,483.35,,,,,96659.95
15/9-F-4,5693,2013,4,2013-04,563.5,,,,,116028.21
15/9-F-4,5693,2013,5,2013-05,681.8,,,,,156535.02
15/9-F-4,5693,2013,6,2013-06,573.33,,,,,132162.43
15/9-F-4,5693,2013,7,2013-07,652.71,,,,,133542.64
15/9-F-4,5693,2013,8,2013-08,689.72,,,,,156070.86
15/9-F-4,5693,2013,9,2013-09,608.44,,,,,130322.73
15/9-F-4,5693,2013,10,2013-10,650.42,,,,,144742.57
15/9-F-4,5693,2013,11,2013-11,682.33,,,,,155972.71
15/9-F-4,5693,2013,12,2013-12,676.25,,,,,148594.16
15/9-F-4,5693,2014,1,2014-01,682.08,,,,,147808
15/9-F-4,5693,2014,2,2014-02,579.11,,,,,131023.21
15/9-F-4,5693,2014,3,2014-03,686,,,,,154097.21
15/9-F-4,5693,2014,4,2014-04,707.54,,,,,185314.47
15/9-F-4,5693,2014,5,2014-05,606.33,,,,,156189.18
15/9-F-4,5693,2014,6,2014-06,698,,,,,202240.56
15/9-F-4,5693,2014,7,2014-07,742.17,,,,,226583.88
15/9-F-4,5693,2014,8,2014-08,607.3,,,,,184109.83
15/9-F-4,5693,2014,9,2014-09,693.33,,,,,199867.76
15/9-F-4,5693,2014,10,2014-10,742.33,,,,,219621.86
15/9-F-4,5693,2014,11,2014-11,619.88,,,,,166856.74
15/9-F-4,5693,2014,12,2014-12,292.06,,,,,66671.23
15/9-F-4,5693,2015,1,2015-01,675.88,,,,,81160.9
15/9-F-4,5693,2015,2,2015-02,588.88,,,,,126376.88
15/9-F-4,5693,2015,3,2015-03,744,,,,,137054.8
15/9-F-4,5693,2015,4,2015-04,707.67,,,,,143683.08
15/9-F-4,5693,2015,5,2015-05,744,,,,,128648.17
15/9-F-4,5693,2015,6,2015-06,717.45,,,,,161283.09
15/9-F-4,5693,2015,7,2015-07,739.67,,,,,156312.54
15/9-F-4,5693,2015,8,2015-08,614.67,,,,,114753.05
15/9-F-4,5693,2015,9,2015-09,715.98,,,,,133755.4
15/9-F-4,5693,2015,10,2015-10,728.6,,,,,135860.22
15/9-F-4,5693,2015,11,2015-11,698.5,,,,,160504.98
15/9-F-4,5693,2015,12,2015-12,739.25,,,,,152921.64
15/9-F-4,5693,2016,1,2016-01,721.33,,,,,152129.94
15/9-F-4,5693,2016,2,2016-02,693.42,,,,,148078.13
15/9-F-4,5693,2016,3,2016-03,743,,,,,141201.79
15/9-F-4,5693,2016,4,2016-04,701.83,,,,,220078.32
15/9-F-4,5693,2016,5,2016-05,744,,,,,269279.18
15/9-F-4,5693,2016,6,2016-06,708.58,,,,,257281.26
15/9-F-4,5693,2016,7,2016-07,608.65,,,,,197975.71
15/9-F-4,5693,2016,8,2016-08,656.58,,,,,132382.88
15/9-F-4,5693,2016,9,2016-09,340.11,,,,,61200.88
15/9-F-4,5693,2016,10,2016-10,,,,,,
15/9-F-4,5693,2016,11,2016-11,,,,,,
15/9-F-4,5693,2016,12,2016-12,,,,,,
15/9-F-5,5769,2007,9,2007-09,,,,,,
15/9-F-5,5769,2007,10,2007-10,,,,,,
15/9-F-5,5769,2007,11,2007-11,,,,,,
15/9-F-5,5769,2007,12,2007-12,,,,,,
15/9-F-5,5769,2008,1,2008-01,0,,,,,
15/9-F-5,5769,2008,2,2008-02,0,,,,,
15/9-F-5,5769,2008,3,2008-03,0,,,,,0
15/9-F-5,5769,2008,4,2008-04,0,,,,,
15/9-F-5,5769,2008,5,2008-05,0,,,,,
15/9-F-5,5769,2008,6,2008-06,0,,,,,
15/9-F-5,5769,2008,7,2008-07,0,,,,,
15/9-F-5,5769,2008,8,2008-08,98.08,,,,,14480.93
15/9-F-5,5769,2008,9,2008-09,557.88,,,,,64814.29
15/9-F-5,5769,2008,10,2008-10,564,,,,,122254.37
15/9-F-5,5769,2008,11,2008-11,716.17,,,,,219779.98
15/9-F-5,5769,2008,12,2008-12,742.25,,,,,270199.4
15/9-F-5,5769,2009,1,2009-01,697.5,,,,,253655.43
15/9-F-5,5769,2009,2,2009-02,635.75,,,,,226102.01
15/9-F-5,5769,2009,3,2009-03,224.58,,,,,81674.35
15/9-F-5,5769,2009,4,2009-04,531.55,,,,,104818.55
15/9-F-5,5769,2009,5,2009-05,707,,,,,232334.51
15/9-F-5,5769,2009,6,2009-06,690.73,,,,,133204.21
15/9-F-5,5769,2009,7,2009-07,734.83,,,,,205447.02
15/9-F-5,5769,2009,8,2009-08,703.82,,,,,198473.66
15/9-F-5,5769,2009,9,2009-09,509.17,,,,,171773.2
15/9-F-5,5769,2009,10,2009-10,682.25,,,,,200847.23
15/9-F-5,5769,2009,11,2009-11,705.58,,,,,208933.87
15/9-F-5,5769,2009,12,2009-12,738.17,,,,,225455.34
15/9-F-5,5769,2010,1,2010-01,735.67,,,,,251554.77
15/9-F-5,5769,2010,2,2010-02,595.42,,,,,199239.18
15/9-F-5,5769,2010,3,2010-03,571.01,,,,,159955.29
15/9-F-5,5769,2010,4,2010-04,449.39,,,,,143182.23
15/9-F-5,5769,2010,5,2010-05,744,,,,,252211.74
15/9-F-5,5769,2010,6,2010-06,716.67,,,,,217995.58
15/9-F-5,5769,2010,7,2010-07,743.17,,,,,213816.94
15/9-F-5,5769,2010,8,2010-08,447.14,,,,,120306.48
15/9-F-5,5769,2010,9,2010-09,695.42,,,,,163185.26
15/9-F-5,5769,2010,10,2010-10,717.58,,,,,200667.25
15/9-F-5,5769,2010,11,2010-11,703.92,,,,,188435.82
15/9-F-5,5769,2010,12,2010-12,732.67,,,,,193372.73
15/9-F-5,5769,2011,1,2011-01,744,,,,,189041.12
15/9-F-5,5769,2011,2,2011-02,532.75,,,,,139466.56
15/9-F-5,5769,2011,3,2011-03,728,,,,,184592.19
15/9-F-5,5769,2011,4,2011-04,700.83,,,,,188899.23
15/9-F-5,5769,2011,5,2011-05,736.5,,,,,191438.08
15/9-F-5,5769,2011,6,2011-06,461.68,,,,,115810.71
15/9-F-5,5769,2011,7,2011-07,242.51,,,,,60234.67
15/9-F-5,5769,2011,8,2011-08,644.49,,,,,161568.57
15/9-F-5,5769,2011,9,2011-09,688.5,,,,,185636.24
15/9-F-5,5769,2011,10,2011-10,328.63,,,,,86121.1
15/9-F-5,5769,2011,11,2011-11,475.42,,,,,111726.56
15/9-F-5,5769,2011,12,2011-12,438.8,,,,,106760.27
15/9-F-5,5769,2012,1,2012-01,424,,,,,96145.25
15/9-F-5,5769,2012,2,2012-02,690.92,,,,,144177.13
15/9-F-5,5769,2012,3,2012-03,737.21,,,,,144901.31
15/9-F-5,5769,2012,4,2012-04,720,,,,,152913.71
15/9-F-5,5769,2012,5,2012-05,732.33,,,,,157759.45
15/9-F-5,5769,2012,6,2012-06,710.67,,,,,147174.92
15/9-F-5,5769,2012,7,2012-07,740.33,,,,,155141.69
15/9-F-5,5769,2012,8,2012-08,309.12,,,,,65973.97
15/9-F-5,5769,2012,9,2012-09,37.28,,,,,8067.45
15/9-F-5,5769,2012,10,2012-10,538.17,,,,,118485.32
15/9-F-5,5769,2012,11,2012-11,720,,,,,168629.7
15/9-F-5,5769,2012,12,2012-12,697.83,,,,,154926.22
15/9-F-5,5769,2013,1,2013-01,732.25,,,,,159939.69
15/9-F-5,5769,2013,2,2013-02,672,,,,,147798.46
15/9-F-5,5769,2013,3,2013-03,400.47,,,,,85998.07
15/9-F-5,5769,2013,4,2013-04,561.17,,,,,121656.6
15/9-F-5,5769,2013,5,2013-05,681.3,,,,,170935.47
15/9-F-5,5769,2013,6,2013-06,573.25,,,,,138629.21
15/9-F-5,5769,2013,7,2013-07,654.29,,,,,131248.92
15/9-F-5,5769,2013,8,2013-08,687.05,,,,,185791.65
15/9-F-5,5769,2013,9,2013-09,608.92,,,,,141322.97
15/9-F-5,5769,2013,10,2013-10,654.42,,,,,167622.05
15/9-F-5,5769,2013,11,2013-11,681.67,,,,,167983.46
15/9-F-5,5769,2013,12,2013-12,676.25,,,,,169674.01
15/9-F-5,5769,2014,1,2014-01,661.17,,,,,139161.96
15/9-F-5,5769,2014,2,2014-02,580.61,,,,,139875.11
15/9-F-5,5769,2014,3,2014-03,691.42,,,,,168354.4
15/9-F-5,5769,2014,4,2014-04,707.54,,,,,170365.95
15/9-F-5,5769,2014,5,2014-05,606.33,,,,,155443.53
15/9-F-5,5769,2014,6,2014-06,699.08,,,,,170548.08
15/9-F-5,5769,2014,7,2014-07,742.33,,,,,149633.54
15/9-F-5,5769,2014,8,2014-08,606.38,,,,,122109.85
15/9-F-5,5769,2014,9,2014-09,691.5,,,,,160662.47
15/9-F-5,5769,2014,10,2014-10,741.83,,,,,166833.31
15/9-F-5,5769,2014,11,2014-11,660.56,,,,,146406.91
15/9-F-5,5769,2014,12,2014-12,394.32,,,,,95714.37
15/9-F-5,5769,2015,1,2015-01,702.63,,,,,116851.66
15/9-F-5,5769,2015,2,2015-02,583.88,,,,,122957.75
15/9-F-5,5769,2015,3,2015-03,744,,,,,127803.69
15/9-F-5,5769,2015,4,2015-04,707.67,,,,,146997.14
15/9-F-5,5769,2015,5,2015-05,744,,,,,135253.88
15/9-F-5,5769,2015,6,2015-06,717.45,,,,,146025.8
15/9-F-5,5769,2015,7,2015-07,739.67,,,,,117659.77
15/9-F-5,5769,2015,8,2015-08,606.2,,,,,113141.01
15/9-F-5,5769,2015,9,2015-09,711.73,,,,,128260.87
15/9-F-5,5769,2015,10,2015-10,724.41,,,,,134374.87
15/9-F-5,5769,2015,11,2015-11,642.93,,,,,134602.94
15/9-F-5,5769,2015,12,2015-12,739.25,,,,,145383.33
15/9-F-5,5769,2016,1,2016-01,721.42,,,,,148394.56
15/9-F-5,5769,2016,2,2016-02,691.25,,,,,164188.6
15/9-F-5,5769,2016,3,2016-03,743,,,,,139810.59
15/9-F-5,5769,2016,4,2016-04,345.42,3400.61,538638.56,2380.78,,20226.96
15/9-F-5,5769,2016,5,2016-05,732,9724.4,1534677.16,3949.9,,0
15/9-F-5,5769,2016,6,2016-06,718.42,9121.48,1468557.12,2376.93,,
15/9-F-5,5769,2016,7,2016-07,668.64,9985.29,1602674.39,2453.71,,0
15/9-F-5,5769,2016,8,2016-08,608.42,8928.9,1417278.51,2371.86,,0
15/9-F-5,5769,2016,9,2016-09,0,0,0,0,,0
