wlbWellboreName,wlbWell,wlbDrillingOperator,wlbProductionLicence,wlbStatus,wlbPurpose,wlbPurposePlanned,wlbContent,wlbWellType,wlbSubSea,wlbEntryDate,wlbCompletionDate,wlbEntryPreDrillDate,wlbCompPreDrillDate,wlbField,wlbDrillPermit,wlbDiscovery,wlbDiscoveryWellbore,wlbKellyBushElevation,wlbFinalVerticalDepth,wlbTotalDepth,wlbWaterDepth,wlbKickOffPoint,wlbMainArea,wlbDrillingFacility,wlbFacilityTypeDrilling,wlbDrillingFacilityFixedOrMove,wlbProductionFacility,wlbLicensingActivity,wlbMultilateral,wlbContentPlanned,wlbEntryYear,wlbCompletionYear,wlbReclassFromWellbore,wlbPluggedAbandonDate,wlbPluggedDate,wlbLicenceTargetName,wlbPlotSymbol,wlbGeodeticDatum,wlbNsDeg,wlbNsMin,wlbNsSec,wlbNsCode,wlbEwDeg,wlbEwMin,wlbEwSec,wlbEwCode,wlbNsDecDeg,wlbEwDecDeg,wlbNsUtm,wlbEwUtm,wlbUtmZone,wlbNamePart1,wlbNamePart2,wlbNamePart3,wlbNamePart4,wlbNamePart5,wlbNamePart6,wlbFactPageUrl,wlbFactMapUrl,wlbDiskosWellboreType,wlbDiskosWellboreParent,wlbNpdidWellbore,dscNpdidDiscovery,fldNpdidField,wlbWdssQcDate,wlbReleasedDate,prlNpdidProductionLicence,prlNpdidProdLicenceTarget,fclNpdidFacilityDrilling,fclNpdidFacilityProducing,wlbNpdidWellboreReclass,wlbDateUpdated,wlbDateUpdatedMax,datesyncNPD
15/9-F-1,15/9-F-1,Statoil Petroleum AS,046 BS,P&A,OBSERVATION,OBSERVATION,OIL,DEVELOPMENT, NO,23.07.2013,21.08.2013,,,VOLVE,3641-P,15/9-19 S Volve,NO,54.9,3328.0,3632.0,91.0,,NORTH SEA,MÆRSK INSPIRER,JACK-UP 3 LEGS,FIXED,MÆRSK INSPIRER,3,NO,OIL,2013,2013,,,21.08.2013,046 BS,99,ED50,58,26,29.91,N,1,53,14.71,E,58.441642,1.887419,6478566.77,435046.53,31,15,9,F,1,,,https://factpages.sodir.no/wellbore/pageview/development/all/7223,https://factmaps.sodir.no/map/redirect/wlbDev.ashx?id=7223,initial             ,                                        ,7223,43934,3420717,,21.08.2015,4227659,4227659,369304,369304,0,02.09.2026,,28.09.2026
15/9-F-1 A,15/9-F-1,Statoil Petroleum AS,046 BS,P&A,OBSERVATION,OBSERVATION,OIL,DEVELOPMENT, NO,23.08.2013,27.08.2013,,,VOLVE,3642-P,15/9-19 S Volve,NO,54.9,3240.0,3682.0,91.0,2620.0,NORTH SEA,MÆRSK INSPIRER,JACK-UP 3 LEGS,FIXED,MÆRSK INSPIRER,3,NO,OIL,2013,2013,,,27.08.2013,046 BS,99,ED50,58,26,29.91,N,1,53,14.71,E,58.441642,1.887419,6478566.77,435046.53,31,15,9,F,1,A,,https://factpages.sodir.no/wellbore/pageview/development/all/7224,https://factmaps.sodir.no/map/redirect/wlbDev.ashx?id=7224,sidetrack           ,15/9-F-1                                ,7224,43934,3420717,,27.08.2015,4227659,4227659,369304,369304,0,02.09.2026,,28.09.2026
15/9-F-1 B,15/9-F-1,Statoil Petroleum AS,046 BS,P&A,INJECTION,INJECTION,WATER,DEVELOPMENT, NO,29.08.2013,08.09.2013,,,VOLVE,3660-P,15/9-19 S Volve,NO,54.9,3260.0,3465.0,91.0,2604.0,NORTH SEA,MÆRSK INSPIRER,JACK-UP 3 LEGS,FIXED,MÆRSK INSPIRER,3,NO,WATER,2013,2013,,,20.02.2014,046 BS,173,ED50,58,26,29.91,N,1,53,14.71,E,58.441642,1.887419,6478566.77,435046.53,31,15,9,F,1,B,,https://factpages.sodir.no/wellbore/pageview/development/all/7264,https://factmaps.sodir.no/map/redirect/wlbDev.ashx?id=7264,sidetrack           ,15/9-F-1 A                              ,7264,43934,3420717,,08.09.2015,4227659,4227659,369304,369304,0,02.09.2026,,28.09.2026
15/9-F-1 C,15/9-F-1,Statoil Petroleum AS,046 BS,P&A,PRODUCTION,PRODUCTION,OIL,DEVELOPMENT, NO,21.02.2014,18.03.2014,,,VOLVE,3711-P,15/9-19 S Volve,NO,54.9,3181.0,4094.0,91.0,1364.0,NORTH SEA,MÆRSK INSPIRER,JACK-UP 3 LEGS,FIXED,MÆRSK INSPIRER,3,NO,OIL,2014,2014,,21.10.2016,21.10.2016,046 BS,50,ED50,58,26,29.91,N,1,53,14.71,E,58.441642,1.887419,6478566.77,435046.53,31,15,9,F,1,C,,https://factpages.sodir.no/wellbore/pageview/development/all/7405,https://factmaps.sodir.no/map/redirect/wlbDev.ashx?id=7405,sidetrack           ,15/9-F-1 B                              ,7405,43934,3420717,,18.03.2016,4227659,4227659,369304,369304,0,02.09.2026,,28.09.2026
15/9-F-4,15/9-F-4,StatoilHydro ASA,046 BS,P&A,INJECTION,INJECTION,WATER,DEVELOPMENT, NO,13.10.2007,09.03.2008,09.06.2007,12.06.2007,VOLVE,2909-P,15/9-19 S Volve,NO,54.0,3139.0,3510.0,91.0,,NORTH SEA,MÆRSK INSPIRER,JACK-UP 3 LEGS,FIXED,MÆRSK INSPIRER,3,NO,WATER,2007,2008,,12.10.2016,,046 BS,173,ED50,58,26,29.72,N,1,53,14.92,E,58.441589,1.887478,6478560.84,435049.84,31,15,9,F,4,,,https://factpages.sodir.no/wellbore/pageview/development/all/5693,https://factmaps.sodir.no/map/redirect/wlbDev.ashx?id=5693,initial             ,                                        ,5693,43934,3420717,,09.03.2010,4227659,4227659,369304,369304,0,02.09.2026,,28.09.2026
15/9-F-5,15/9-F-5,StatoilHydro ASA,046 BS,P&A,INJECTION,INJECTION,WATER,DEVELOPMENT, NO,18.12.2007,01.08.2008,15.11.2007,18.11.2007,VOLVE,2925-P,15/9-19 S Volve,NO,54.0,3247.0,3792.0,91.0,,NORTH SEA,MÆRSK INSPIRER,JACK-UP 3 LEGS,FIXED,MÆRSK INSPIRER,3,NO,WATER,2007,2008,,14.10.2016,,046 BS,173,ED50,58,26,29.66,N,1,53,14.99,E,58.441572,1.887497,6478558.97,435050.94,31,15,9,F,5,,,https://factpages.sodir.no/wellbore/pageview/development/all/5769,https://factmaps.sodir.no/map/redirect/wlbDev.ashx?id=5769,initial             ,                                        ,5769,43934,3420717,,01.08.2010,4227659,4227659,369304,369304,0,02.09.2026,,28.09.2026
15/9-F-7,15/9-F-7,Statoil ASA (old),046 BS,P&A,PRODUCTION,PRODUCTION,WATER,DEVELOPMENT, NO,16.09.2007,06.10.2007,,,VOLVE,2889-P,15/9-19 S Volve,NO,54.0,1077.0,1085.0,91.0,,NORTH SEA,MÆRSK INSPIRER,JACK-UP 3 LEGS,FIXED,MÆRSK INSPIRER,3,NO,WATER,2007,2007,,22.10.2016,,046 BS,172,ED50,58,26,29.87,N,1,53,14.86,E,58.441631,1.887461,6478565.50,435048.94,31,15,9,F,7,,,https://factpages.sodir.no/wellbore/pageview/development/all/5610,https://factmaps.sodir.no/map/redirect/wlbDev.ashx?id=5610,initial             ,                                        ,5610,43934,3420717,,06.10.2009,4227659,4227659,369304,369304,0,02.09.2026,,28.09.2026
15/9-F-9,15/9-F-9,StatoilHydro ASA,046 BS,P&A,PRODUCTION,PRODUCTION,WATER,DEVELOPMENT, NO,30.08.2008,02.09.2008,,,VOLVE,3007-P,15/9-19 S Volve,NO,54.9,1076.0,1085.0,91.0,,NORTH SEA,MÆRSK INSPIRER,JACK-UP 3 LEGS,FIXED,MÆRSK INSPIRER,3,NO,WATER,2008,2008,,,28.06.2009,046 BS,172,ED50,58,26,29.74,N,1,53,15,E,58.441594,1.887500,6478561.44,435051.15,31,15,9,F,9,,,https://factpages.sodir.no/wellbore/pageview/development/all/5927,https://factmaps.sodir.no/map/redirect/wlbDev.ashx?id=5927,initial             ,                                        ,5927,43934,3420717,,02.09.2010,4227659,4227659,369304,369304,0,02.09.2026,,28.09.2026
15/9-F-9 A,15/9-F-9,StatoilHydro Petroleum AS,046 BS,P&A,PRODUCTION,PRODUCTION,WATER,DEVELOPMENT, NO,01.07.2009,09.07.2009,,,VOLVE,3121-P,15/9-19 S Volve,NO,54.9,1013.0,1206.0,91.0,428.0,NORTH SEA,MÆRSK INSPIRER,JACK-UP 3 LEGS,FIXED,MÆRSK INSPIRER,3,NO,WATER,2009,2009,,23.10.2016,,046 BS,172,ED50,58,26,29.74,N,1,53,15,E,58.441594,1.887500,6478561.44,435051.15,31,15,9,F,9,A,,https://factpages.sodir.no/wellbore/pageview/development/all/6163,https://factmaps.sodir.no/map/redirect/wlbDev.ashx?id=6163,sidetrack           ,15/9-F-9                                ,6163,43934,3420717,,09.07.2011,4227659,4227659,369304,369304,0,02.09.2026,,28.09.2026
15/9-F-10,15/9-F-10,StatoilHydro Petroleum AS,046 BS,P&A,OBSERVATION,OBSERVATION,NOT APPLICABLE,DEVELOPMENT, NO,06.04.2009,08.06.2009,,,VOLVE,3097-P,15/9-19 S Volve,NO,54.9,3017.0,5331.0,91.0,,NORTH SEA,MÆRSK INSPIRER,JACK-UP 3 LEGS,FIXED,MÆRSK INSPIRER,3,NO,OIL,2009,2009,,,15.06.2009,046 BS,99,ED50,58,26,29.68,N,1,53,15.07,E,58.441578,1.887519,6478559.56,435052.25,31,15,9,F,10,,,https://factpages.sodir.no/wellbore/pageview/development/all/6099,https://factmaps.sodir.no/map/redirect/wlbDev.ashx?id=6099,initial             ,                                        ,6099,43934,3420717,,08.06.2011,4227659,4227659,369304,369304,0,02.09.2026,,28.09.2026
15/9-F-10 A,15/9-F-10,StatoilHydro Petroleum AS,046 BS,WILL NEVER BE DRILLED,OBSERVATION,OBSERVATION,,DEVELOPMENT, NO,,,,,VOLVE,3098-P,15/9-19 S Volve,NO,54.9,,,91.0,,NORTH SEA,MÆRSK INSPIRER,JACK-UP 3 LEGS,FIXED,MÆRSK INSPIRER,3,NO,OIL,0,0,,,,046 BS,99,ED50,58,26,29.68,N,1,53,15.07,E,58.441578,1.887519,6478559.56,435052.25,31,15,9,F,10,A,,https://factpages.sodir.no/wellbore/pageview/development/all/6101,https://factmaps.sodir.no/map/redirect/wlbDev.ashx?id=6101,sidetrack           ,15/9-F-10                               ,6101,43934,3420717,,,4227659,4227659,369304,369304,0,02.09.2026,,28.09.2026
15/9-F-10 B,15/9-F-10,StatoilHydro Petroleum AS,046 BS,WILL NEVER BE DRILLED,PRODUCTION,PRODUCTION,,DEVELOPMENT, NO,,,,,VOLVE,3099-P,15/9-19 S Volve,NO,54.9,,,91.0,,NORTH SEA,MÆRSK INSPIRER,JACK-UP 3 LEGS,FIXED,MÆRSK INSPIRER,3,NO,OIL,0,0,,,,046 BS,81,ED50,58,26,29.68,N,1,53,15.07,E,58.441578,1.887519,6478559.56,435052.25,31,15,9,F,10,B,,https://factpages.sodir.no/wellbore/pageview/development/all/6102,https://factmaps.sodir.no/map/redirect/wlbDev.ashx?id=6102,sidetrack           ,15/9-F-10 A                             ,6102,43934,3420717,,,4227659,4227659,369304,369304,0,02.09.2026,,28.09.2026
15/9-F-11,15/9-F-11,Statoil Petroleum AS,046 BS,P&A,OBSERVATION,OBSERVATION,OIL,DEVELOPMENT, NO,07.03.2013,12.05.2013,06.04.2012,17.04.2012,VOLVE,3562-P,15/9-19 S Volve,NO,54.9,3400.0,4562.0,91.0,,NORTH SEA,MÆRSK INSPIRER,JACK-UP 3 LEGS,FIXED,MÆRSK INSPIRER,3,NO,OIL,2013,2013,,,12.05.2013,046 BS,99,ED50,58,26,29.96,N,1,53,14.87,E,58.441656,1.887464,6478568.28,435049.15,31,15,9,F,11,,,https://factpages.sodir.no/wellbore/pageview/development/all/7078,https://factmaps.sodir.no/map/redirect/wlbDev.ashx?id=7078,initial             ,                                        ,7078,43934,3420717,,12.05.2015,4227659,4227659,369304,369304,0,02.09.2026,,28.09.2026
15/9-F-11 A,15/9-F-11,Statoil Petroleum AS,046 BS,P&A,OBSERVATION,OBSERVATION,OIL,DEVELOPMENT, NO,14.05.2013,26.05.2013,,,VOLVE,3563-P,15/9-19 S Volve,NO,54.9,3126.0,3762.0,91.0,2578.0,NORTH SEA,MÆRSK INSPIRER,JACK-UP 3 LEGS,FIXED,MÆRSK INSPIRER,3,NO,OIL,2013,2013,,,26.05.2013,046 BS,99,ED50,58,26,29.96,N,1,53,14.87,E,58.441656,1.887464,6478568.28,435049.15,31,15,9,F,11,A,,https://factpages.sodir.no/wellbore/pageview/development/all/7079,https://factmaps.sodir.no/map/redirect/wlbDev.ashx?id=7079,sidetrack           ,15/9-F-11                               ,7079,43934,3420717,,26.05.2015,4227659,4227659,369304,369304,0,02.09.2026,,28.09.2026
15/9-F-11 B,15/9-F-11,Statoil Petroleum AS,046 BS,P&A,PRODUCTION,PRODUCTION,OIL,DEVELOPMENT, NO,28.05.2013,15.06.2013,,,VOLVE,3564-P,15/9-19 S Volve,NO,54.9,3258.0,4770.0,91.0,2586.0,NORTH SEA,MÆRSK INSPIRER,JACK-UP 3 LEGS,FIXED,MÆRSK INSPIRER,3,NO,OIL,2013,2013,,21.10.2016,,046 BS,50,ED50,58,26,29.96,N,1,53,14.87,E,58.441656,1.887464,6478568.28,435049.15,31,15,9,F,11,B,,https://factpages.sodir.no/wellbore/pageview/development/all/7080,https://factmaps.sodir.no/map/redirect/wlbDev.ashx?id=7080,sidetrack           ,15/9-F-11 A                             ,7080,43934,3420717,,15.06.2015,4227659,4227659,369304,369304,0,02.09.2026,,28.09.2026
15/9-F-12,15/9-F-12,Statoil ASA (old),046 BS,P&A,PRODUCTION,PRODUCTION,OIL,DEVELOPMENT, NO,14.06.2007,27.08.2007,,,VOLVE,2883-P,15/9-19 S Volve,NO,54.0,3107.0,3520.0,91.0,,NORTH SEA,MÆRSK INSPIRER,JACK-UP 3 LEGS,FIXED,MÆRSK INSPIRER,3,NO,OIL,2007,2007,,20.10.2016,,046 BS,50,ED50,58,26,29.89,N,1,53,14.94,E,58.441636,1.887483,6478566.09,435050.25,31,15,9,F,12,,,https://factpages.sodir.no/wellbore/pageview/development/all/5599,https://factmaps.sodir.no/map/redirect/wlbDev.ashx?id=5599,initial             ,                                        ,5599,43934,3420717,,27.08.2009,4227659,4227659,369304,369304,0,02.09.2026,,28.09.2026
15/9-F-14,15/9-F-14,StatoilHydro ASA,046 BS,P&A,PRODUCTION,PRODUCTION,OIL,DEVELOPMENT, NO,05.12.2007,17.06.2008,06.11.2007,13.11.2007,VOLVE,2726-P,15/9-19 S Volve,NO,54.0,3158.0,3750.0,91.0,,NORTH SEA,MÆRSK INSPIRER,JACK-UP 3 LEGS,FIXED,MÆRSK INSPIRER,3,NO,OIL,2007,2008,,19.10.2016,,046 BS,50,ED50,58,26,29.77,N,1,53,15.08,E,58.441603,1.887522,6478562.34,435052.46,31,15,9,F,14,,,https://factpages.sodir.no/wellbore/pageview/development/all/5351,https://factmaps.sodir.no/map/redirect/wlbDev.ashx?id=5351,initial             ,                                        ,5351,43934,3420717,,17.06.2010,4227659,4227659,369304,369304,0,02.09.2026,,28.09.2026
15/9-F-15,15/9-F-15,StatoilHydro ASA,046 BS,P&A,OBSERVATION,OBSERVATION,NOT APPLICABLE,DEVELOPMENT, NO,24.12.2007,05.12.2008,19.11.2007,22.11.2007,VOLVE,3136-P,15/9-19 S Volve,NO,54.9,3185.0,4105.0,91.0,,NORTH SEA,MÆRSK INSPIRER,JACK-UP 3 LEGS,FIXED,MÆRSK INSPIRER,3,NO,OIL,2007,2008,,,10.12.2008,046 BS,99,ED50,58,26,29.71,N,1,53,15.15,E,58.441586,1.887542,6478560.47,435053.56,31,15,9,F,15,,,https://factpages.sodir.no/wellbore/pageview/development/all/6184,https://factmaps.sodir.no/map/redirect/wlbDev.ashx?id=6184,initial             ,                                        ,6184,43934,3420717,,05.12.2010,4227659,4227659,369304,369304,0,02.09.2026,,28.09.2026
15/9-F-15 A,15/9-F-15,StatoilHydro ASA,046 BS,P&A,OBSERVATION,OBSERVATION,NOT APPLICABLE,DEVELOPMENT, NO,11.12.2008,10.01.2009,,,VOLVE,2937-P,15/9-19 S Volve,NO,54.9,3212.0,4095.0,91.0,1381.0,NORTH SEA,MÆRSK INSPIRER,JACK-UP 3 LEGS,FIXED,MÆRSK INSPIRER,3,NO,OIL,2008,2009,,,10.01.2009,046 BS,99,ED50,58,26,29.71,N,1,53,15.15,E,58.441586,1.887542,6478560.47,435053.56,31,15,9,F,15,A,,https://factpages.sodir.no/wellbore/pageview/development/all/5785,https://factmaps.sodir.no/map/redirect/wlbDev.ashx?id=5785,sidetrack           ,15/9-F-15                               ,5785,43934,3420717,,10.01.2011,4227659,4227659,369304,369304,0,02.09.2026,,28.09.2026
15/9-F-15 B,15/9-F-15,StatoilHydro ASA,046 BS,P&A,OBSERVATION,OBSERVATION,NOT APPLICABLE,DEVELOPMENT, NO,13.01.2009,16.01.2009,,,VOLVE,3068-P,15/9-19 S Volve,NO,54.9,3016.0,3497.0,91.0,3185.0,NORTH SEA,MÆRSK INSPIRER,JACK-UP 3 LEGS,FIXED,MÆRSK INSPIRER,3,NO,OIL,2009,2009,,,16.01.2009,046 BS,99,ED50,58,26,29.71,N,1,53,15.15,E,58.441586,1.887542,6478560.47,435053.56,31,15,9,F,15,B,,https://factpages.sodir.no/wellbore/pageview/development/all/6046,https://factmaps.sodir.no/map/redirect/wlbDev.ashx?id=6046,sidetrack           ,15/9-F-15 A                             ,6046,43934,3420717,,16.01.2011,4227659,4227659,369304,369304,0,02.09.2026,,28.09.2026
15/9-F-15 C,15/9-F-15,StatoilHydro ASA,046 BS,P&A,PRODUCTION,PRODUCTION,OIL,DEVELOPMENT, NO,18.01.2009,15.02.2009,,,VOLVE,3016-P,15/9-19 S Volve,NO,54.9,3044.0,3232.0,91.0,2575.0,NORTH SEA,MÆRSK INSPIRER,JACK-UP 3 LEGS,FIXED,MÆRSK INSPIRER,3,NO,OIL,2009,2009,,,09.11.2013,046 BS,50,ED50,58,26,29.71,N,1,53,15.15,E,58.441586,1.887542,6478560.47,435053.56,31,15,9,F,15,C,,https://factpages.sodir.no/wellbore/pageview/development/all/5794,https://factmaps.sodir.no/map/redirect/wlbDev.ashx?id=5794,sidetrack           ,15/9-F-15 B                             ,5794,43934,3420717,,15.02.2011,4227659,4227659,369304,369304,0,02.09.2026,,28.09.2026
15/9-F-15 D,15/9-F-15,Statoil Petroleum AS,046 BS,P&A,PRODUCTION,PRODUCTION,OIL,DEVELOPMENT, NO,10.11.2013,07.12.2013,,,VOLVE,3667-P,15/9-19 S Volve,NO,54.9,3197.0,4685.0,91.0,1380.0,NORTH SEA,MÆRSK INSPIRER,JACK-UP 3 LEGS,FIXED,MÆRSK INSPIRER,3,NO,OIL,2013,2013,,18.10.2016,,046 BS,50,ED50,58,26,29.71,N,1,53,15.15,E,58.441586,1.887542,6478560.47,435053.56,31,15,9,F,15,D,,https://factpages.sodir.no/wellbore/pageview/development/all/7289,https://factmaps.sodir.no/map/redirect/wlbDev.ashx?id=7289,sidetrack           ,15/9-F-15 C                             ,7289,43934,3420717,,07.12.2015,4227659,4227659,369304,369304,0,02.09.2026,,28.09.2026
