yac;per;p;a;iny
EL CORCOBO NORTE;01/2006;503,2;2,0;0,0
EL CORCOBO NORTE;2006-02;1388,5;58,5;0,0
EL CORCOBO NORTE;2006-03;2164,3;55,6;0,0
EL CORCOBO NORTE;2006-04;3353,8;141,3;0,0
EL CORCOBO NORTE;2006-05;4083,4;499,8;0,0
EL CORCOBO NORTE;06/2006;4941,3;723,6;0,0
EL CORCOBO NORTE;2006-07;5047,2;1201,8;0,0
EL CORCOBO NORTE;2006-08;6348,8;1859,8;0,0
EL CORCOBO NORTE;2006-09;10565,3;2794,3;0,0
EL CORCOBO NORTE;2006-10;17676,7;4473,8;0,0
EL CORCOBO NORTE;11/2006;18485,0;7762,6;0,0
EL CORCOBO NORTE;2006-12;20180,1;8352,7;0,0
EL CORCOBO NORTE;2007-01;21859,2;8607,3;0,0
EL CORCOBO NORTE;2007-02;21268,9;6423,7;0,0
EL CORCOBO NORTE;2007-03;27321,2;4280,9;0,0
EL CORCOBO NORTE;04/2007;40124,5;4300,7;0,0
EL CORCOBO NORTE;2007-05;43430,8;7074,2;0,0
EL CORCOBO NORTE;2007-06;40820,7;6286,9;0,0
EL CORCOBO NORTE;2007-07;39897,0;7345,5;3663,3
EL CORCOBO NORTE;2007-08;49000,4;8975,7;6458,5
EL CORCOBO NORTE;09/2007;53980,9;10270,1;8801,9
EL CORCOBO NORTE;2007-10;52920,6;15152,8;11782,8
EL CORCOBO NORTE;2007-11;54989,1;18073,7;19932,4
EL CORCOBO NORTE;2007-12;64081,3;20169,0;23631,3
EL CORCOBO NORTE;2008-01;67418,1;19175,6;35139,0
EL CORCOBO NORTE;02/2008;69951,8;19642,4;57015,6
EL CORCOBO NORTE;2008-03;84148,7;27462,8;74727,5
EL CORCOBO NORTE;2008-04;87808,8;30314,5;79480,7
EL CORCOBO NORTE;2008-05;88429,0;30161,3;82305,7
EL CORCOBO NORTE;2008-06;88268,2;33077,8;75329,5
EL CORCOBO NORTE;07/2008;95921,1;39045,7;85810,8
EL CORCOBO NORTE;2008-08;100577,1;51472,1;104185,0
EL CORCOBO NORTE;2008-09;100929,8;56911,7;110762,1
EL CORCOBO NORTE;2008-10;109723,1;64490,5;138218,4
EL CORCOBO NORTE;2008-11;105153,9;76694,0;160035,8
EL CORCOBO NORTE;12/2008;101619,5;90740,6;147987,5
EL CORCOBO NORTE;2009-01;96533,0;80023,9;133630,2
EL CORCOBO NORTE;2009-02;88661,9;64800,7;122889,7
EL CORCOBO NORTE;2009-03;97810,4;79037,3;140534,3
EL CORCOBO NORTE;2009-04;92028,7;86862,9;132464,1
EL CORCOBO NORTE;05/2009;91866,8;88524,1;139720,1
EL CORCOBO NORTE;2009-06;90800,2;86590,6;171419,0
EL CORCOBO NORTE;2009-07;92927,4;102916,5;193357,1
EL CORCOBO NORTE;2009-08;92495,0;115635,2;195244,0
EL CORCOBO NORTE;2009-09;88102,9;130326,6;208237,2
EL CORCOBO NORTE;10/2009;90421,6;141161,2;224141,4
EL CORCOBO NORTE;2009-11;84383,6;145911,2;236066,6
EL CORCOBO NORTE;2009-12;89442,3;162705,1;249334,0
EL CORCOBO NORTE;2010-01;86265,4;158998,5;253764,3
EL CORCOBO NORTE;2010-02;78697,9;152098,3;232084,2
EL CORCOBO NORTE;03/2010;83303,5;166194,4;282947,2
EL CORCOBO NORTE;2010-04;81769,4;159443,1;277876,2
EL CORCOBO NORTE;2010-05;87762,3;165877,8;296568,8
EL CORCOBO NORTE;2010-06;87014,8;166873,2;286805,6
EL CORCOBO NORTE;2010-07;91154,3;174945,5;296964,1
EL CORCOBO NORTE;08/2010;93186,2;179813,2;323950,9
EL CORCOBO NORTE;2010-09;91395,9;167791,7;303755,9
EL CORCOBO NORTE;2010-10;96313,8;180011,6;328984,3
EL CORCOBO NORTE;2010-11;90545,0;182320,3;314236,3
EL CORCOBO NORTE;2010-12;95280,6;179074,3;329439,9
EL CORCOBO NORTE;01/2011;92423,9;177116,2;308916,4
EL CORCOBO NORTE;2011-02;81368,5;153834,7;274703,1
EL CORCOBO NORTE;2011-03;91691,2;165016,8;306326,6
EL CORCOBO NORTE;2011-04;89342,9;161634,0;309738,4
EL CORCOBO NORTE;2011-05;87818,1;171026,1;322664,6
EL CORCOBO NORTE;06/2011;83802,7;171386,6;314759,8
EL CORCOBO NORTE;2011-07;85789,7;176358,8;313933,3
EL CORCOBO NORTE;2011-08;83483,1;173512,2;329733,5
EL CORCOBO NORTE;2011-09;79870,4;176838,3;322253,1
EL CORCOBO NORTE;2011-10;81494,6;196940,4;329720,5
EL CORCOBO NORTE;11/2011;79745,1;210493,6;327370,8
EL CORCOBO NORTE;2011-12;82925,4;222339,5;342114,6
EL CORCOBO NORTE;2012-01;82125,5;214950,3;338172,3
EL CORCOBO NORTE;2012-02;78094,7;216951,5;314050,0
EL CORCOBO NORTE;2012-03;81216,6;230919,3;349236,8
EL CORCOBO NORTE;04/2012;76375,7;228861,8;336734,2
EL CORCOBO NORTE;2012-05;77328,6;246942,1;351066,5
EL CORCOBO NORTE;2012-06;83429,2;271665,5;345851,3
EL CORCOBO NORTE;2012-07;83709,7;284817,4;356550,2
EL CORCOBO NORTE;2012-08;84517,8;304983,2;373161,8
EL CORCOBO NORTE;09/2012;78883,6;297505,4;351927,7
EL CORCOBO NORTE;2012-10;81025,3;306808,7;362593,9
EL CORCOBO NORTE;2012-11;71729,6;291371,4;346165,6
EL CORCOBO NORTE;2012-12;78764,7;313360,5;374547,4
EL CORCOBO NORTE;2013-01;79912,6;322680,4;374314,0
EL CORCOBO NORTE;02/2013;74163,9;308128,5;357342,8
EL CORCOBO NORTE;2013-03;82393,8;346376,8;397612,0
EL CORCOBO NORTE;2013-04;83219,3;349682,9;391302,6
EL CORCOBO NORTE;2013-05;85339,6;369253,7;408855,7
EL CORCOBO NORTE;2013-06;79935,0;350607,0;386062,3
EL CORCOBO NORTE;07/2013;83381,9;376077,0;401868,0
EL CORCOBO NORTE;2013-08;82557,2;384654,5;409988,5
EL CORCOBO NORTE;2013-09;80424,8;377807,2;400295,0
EL CORCOBO NORTE;2013-10;84975,8;393637,1;412066,0
EL CORCOBO NORTE;2013-11;80012,8;383279,5;413192,0
EL CORCOBO NORTE;12/2013;82068,1;405579,6;423522,9
EL CORCOBO NORTE;2014-01;81763,5;406754,7;411550,0
EL CORCOBO NORTE;2014-02;74037,8;366561,6;386318,9
EL CORCOBO NORTE;2014-03;78945,5;413862,2;432772,0
EL CORCOBO NORTE;2014-04;77544,1;402778,9;418117,0
EL CORCOBO NORTE;05/2014;79216,4;421723,8;439438,0
EL CORCOBO NORTE;2014-06;76468,7;417173,5;427637,0
EL CORCOBO NORTE;2014-07;77404,0;415032,6;429809,5
EL CORCOBO NORTE;2014-08;77716,5;423712,8;446234,0
EL CORCOBO NORTE;2014-09;77471,4;424449,0;447113,0
EL CORCOBO NORTE;10/2014;79342,8;448407,9;466916,0
EL CORCOBO NORTE;2014-11;69626,9;406988,7;422264,8
EL CORCOBO NORTE;2014-12;77163,0;456743,8;467572,0
EL CORCOBO NORTE;2015-01;77819,0;455665,1;460572,0
EL CORCOBO NORTE;2015-02;67926,2;408486,7;422983,0
EL CORCOBO NORTE;03/2015;76173,3;466533,2;476032,0
EL CORCOBO NORTE;2015-04;76956,8;463760,3;463372,0
EL CORCOBO NORTE;2015-05;80836,6;484194,5;480504,0
EL CORCOBO NORTE;2015-06;75774,3;467073,1;468008,0
EL CORCOBO NORTE;2015-07;76991,6;486618,6;485148,0
EL CORCOBO NORTE;08/2015;76984,8;473020,8;489339,0
EL CORCOBO NORTE;2015-09;74607,1;459817,2;489134,8
EL CORCOBO NORTE;2015-10;73788,9;471278,2;505052,0
EL CORCOBO NORTE;2015-11;71149,1;462812,0;493022,0
EL CORCOBO NORTE;2015-12;70123,2;491298,8;509478,0
EL CORCOBO NORTE;01/2016;66508,1;516718,2;509607,0
EL CORCOBO NORTE;2016-02;64839,8;505086,8;474639,0
EL CORCOBO NORTE;2016-03;71460,7;551576,1;511203,0
EL CORCOBO NORTE;2016-04;70935,8;540489,2;499862,0
EL CORCOBO NORTE;2016-05;69477,7;537089,3;502370,2
EL CORCOBO NORTE;06/2016;63979,8;514572,2;477336,4
EL CORCOBO NORTE;2016-07;70140,7;566976,8;531331,0
EL CORCOBO NORTE;2016-08;69540,1;568798,7;530443,0
EL CORCOBO NORTE;2016-09;65535,0;551926,3;515940,0
EL CORCOBO NORTE;2016-10;65936,6;575207,9;545369,0
EL CORCOBO NORTE;11/2016;65483,7;568982,8;530958,0
EL CORCOBO NORTE;2016-12;65888,8;584041,5;528689,0
EL CORCOBO NORTE;2017-01;65686,7;583755,5;533909,0
EL CORCOBO NORTE;2017-02;57842,4;521486,0;479082,0
EL CORCOBO NORTE;2017-03;63531,2;583156,2;539981,0
EL CORCOBO NORTE;04/2017;60806,0;551818,7;513942,0
EL CORCOBO NORTE;2017-05;55695,5;534728,6;499059,0
EL CORCOBO NORTE;2017-06;62082,4;592070,3;536310,0
EL CORCOBO NORTE;2017-07;68416,5;614209,2;552697,0
EL CORCOBO NORTE;2017-08;66151,1;600866,9;542646,0
EL CORCOBO NORTE;09/2017;65654,0;584950,1;520259,0
EL CORCOBO NORTE;2017-10;68766,5;609967,4;542817,0
EL CORCOBO NORTE;2017-11;64422,2;607161,1;520634,0
EL CORCOBO NORTE;2017-12;65173,1;624504,1;543982,0
EL CORCOBO NORTE;2018-01;63221,5;619077,4;542318,0
EL CORCOBO NORTE;02/2018;55582,6;555581,9;483672,0
EL CORCOBO NORTE;2018-03;64016,2;627906,8;546956,0
EL CORCOBO NORTE;2018-04;61528,6;605385,2;548006,0
EL CORCOBO NORTE;2018-05;62032,8;629951,2;574822,0
EL CORCOBO NORTE;2018-06;61051,0;623622,5;547441,0
EL CORCOBO NORTE;07/2018;60469,4;650721,3;567014,0
EL CORCOBO NORTE;2018-08;60250,9;658243,2;565971,0
EL CORCOBO NORTE;2018-09;59229,9;640638,3;552019,0
EL CORCOBO NORTE;2018-10;61159,3;666095,0;570517,0
EL CORCOBO NORTE;2018-11;56835,6;632582,1;546622,0
EL CORCOBO NORTE;12/2018;59028,9;658406,2;568011,0
EL CORCOBO NORTE;2019-02;50830,0;582081,9;510664,2
EL CORCOBO NORTE;2019-03;57517,6;645262,3;564788,8
EL CORCOBO NORTE;2019-04;54200,1;618571,7;538484,1
EL CORCOBO NORTE;2019-05;56907,0;652086,9;565012,8
EL CORCOBO NORTE;06/2019;55512,7;623760,3;550019,3
EL CORCOBO NORTE;2019-07;55429,0;634050,0;559790,9
EL CORCOBO NORTE;2019-08;55994,8;653878,7;579258,3
EL CORCOBO NORTE;2019-09;54538,1;631380,5;573603,7
EL CORCOBO NORTE;2019-10;57074,4;665308,0;584859,5
EL CORCOBO NORTE;11/2019;56505,2;637077,8;536052,0
EL CORCOBO NORTE;2019-12;56968,5;655406,7;547270,2
EL CORCOBO NORTE;2020-01;55099,6;660539,6;567868,5
EL CORCOBO NORTE;2020-02;52706,4;615194,5;511738,6
EL CORCOBO NORTE;2020-03;57305,1;654624,2;560460,0
EL CORCOBO NORTE;04/2020;44778,4;553264,2;503911,9
EL CORCOBO NORTE;2020-05;46892,8;585153,2;545109,2
EL CORCOBO NORTE;2020-06;47557,8;565912,7;504556,8
EL CORCOBO NORTE;2020-07;49635,7;605230,0;538728,5
EL CORCOBO NORTE;2020-08;49386,3;606652,5;549186,0
EL CORCOBO NORTE;09/2020;48568,2;600107,1;545885,0
EL CORCOBO NORTE;2020-10;49165,4;612525,3;558737,2
EL CORCOBO NORTE;2020-11;48568,7;593526,7;531004,0
EL CORCOBO NORTE;2020-12;44821,3;595206,9;530241,2
EL CORCOBO NORTE;2021-01;45681,2;608134,6;540721,4
EL CORCOBO NORTE;02/2021;44352,3;579097,0;499975,0
EL CORCOBO NORTE;2021-03;51225,3;656495,6;552485,0
EL CORCOBO NORTE;2021-04;50683,5;651912,4;550200,0
EL CORCOBO NORTE;2021-05;49515,0;658552,1;558886,2
EL CORCOBO NORTE;2021-06;46354,2;628328,7;527250,4
EL CORCOBO NORTE;07/2021;52990,2;697008,3;579747,0
EL CORCOBO NORTE;2021-08;49518,6;675783,1;588417,1
EL CORCOBO NORTE;2021-09;47662,5;651567,8;577081,0
EL CORCOBO NORTE;2021-10;48005,2;703352,8;609452,4
EL CORCOBO NORTE;2021-11;47358,9;668212,4;577256,2
EL CORCOBO NORTE;12/2021;47943,1;675490,1;568984,7
EL CORCOBO NORTE;2022-01;50563,7;696260,3;545950,8
EL CORCOBO NORTE;2022-02;45109,8;613384,2;451626,7
EL CORCOBO NORTE;2022-03;48920,6;659613,5;497630,8
EL CORCOBO NORTE;2022-04;47447,5;647855,1;558434,1
EL CORCOBO NORTE;05/2022;48859,4;659390,9;563057,6
EL CORCOBO NORTE;2022-06;47040,5;627158,6;559395,9
EL CORCOBO NORTE;2022-07;46274,6;645370,9;562690,1
EL CORCOBO NORTE;2022-08;46730,7;636175,4;557820,1
EL CORCOBO NORTE;2022-09;44708,8;621160,8;558515,3
EL CORCOBO NORTE;10/2022;46564,1;642946,7;555475,1
EL CORCOBO NORTE;2022-11;43577,1;653149,1;536251,9
EL CORCOBO NORTE;2022-12;46862,5;689348,0;561451,6
EL CORCOBO NORTE;2023-01;43670,8;660766,9;509110,3
EL CORCOBO NORTE;2023-02;42896,4;621973,7;508027,4
EL CORCOBO NORTE;03/2023;45797,9;688743,7;575714,2
EL CORCOBO NORTE;2023-04;43531,7;677837,6;555913,4
EL CORCOBO NORTE;2023-05;44425,5;703117,8;555951,7
EL CORCOBO NORTE;2023-06;43256,4;680222,1;545364,9
EL CORCOBO NORTE;2023-07;41697,2;675908,3;578018,9
EL CORCOBO NORTE;2023-09;44444,2;715290,9;571709,0
EL CORCOBO NORTE;2023-10;44548,3;718162,4;577494,2
EL CORCOBO NORTE;2023-11;43432,3;698853,8;561885,3
EL CORCOBO NORTE;2023-12;43907,9;723676,5;577257,0
EL CORCOBO NORTE;01/2024;44315,7;706868,7;570805,3
EL CORCOBO NORTE;2024-02;41656,3;673312,1;547428,8
EL CORCOBO NORTE;2024-03;45044,5;715575,7;584797,0
EL CORCOBO NORTE;2024-04;43480,6;704908,5;567274,5
EL CORCOBO NORTE;2024-05;45764,2;726595,6;596561,8
EL CORCOBO NORTE;06/2024;44979,3;710250,6;579593,4
EL CORCOBO NORTE;2024-07;44185,4;725059,0;588408,2
EL CORCOBO NORTE;2024-08;44936,7;724441,2;587398,7
EL CORCOBO NORTE;2024-09;42352,3;674407,2;561024,8
EL CORCOBO NORTE;2024-10;43360,4;709362,8;591888,9
EL CORCOBO NORTE;11/2024;40987,7;691033,8;548204,5
EL CORCOBO NORTE;2024-12;42675,0;700300,3;583143,4
EL CORCOBO NORTE;2025-01;42211,9;702102,0;591149,0
EL CORCOBO NORTE;2025-02;37427,6;634110,2;530065,4
EL CORCOBO NORTE;2025-03;43198,2;696497,0;572281,0
EL CORCOBO NORTE;04/2025;41892,9;655765,7;546745,8
EL CORCOBO NORTE;2025-05;43033,2;690330,9;544244,0
EL CORCOBO NORTE;2025-06;42207,6;669326,2;520097,2
EL CORCOBO NORTE;2025-07;41612,3;682810,4;532436,8
EL CORCOBO NORTE;2025-08;41277,8;688092,0;544300,9
EL CORCOBO NORTE;09/2025;42157,0;671207,7;526790,8
EL CORCOBO NORTE;2025-10;41318,3;678111,8;548311,4
EL CORCOBO NORTE;2025-11;37982,3;669233,8;529026,5
EL CORCOBO NORTE;2025-12;40078,0;700534,2;551309,1
EL CORCOBO NORTE;2026-01;40650,0;686373,8;541195,5
EL CORCOBO NORTE;02/2026;38500,4;613589,9;483438,2
EL CORCOBO NORTE;2026-03;40618,2;682548,5;540061,4
EL CORCOBO NORTE;2026-04;37708,3;654076,7;498040,0
EL CORCOBO NORTE;2026-06;38754,7;660106,8;507830,3
EL CORCOBO NORTE;07/2026;38246,2;678885,8;543576,6
CHIHUIDO DE LA SIERRA NEGRA;2006-01;111100,5;1275854,7;1527886,0
CHIHUIDO DE LA SIERRA NEGRA;2006-02;97685,5;1126539,1;1348933,0
CHIHUIDO DE LA SIERRA NEGRA;2006-03;102277,4;1161147,4;1348110,0
CHIHUIDO DE LA SIERRA NEGRA;2006-04;96939,1;1042168,2;1393888,0
CHIHUIDO DE LA SIERRA NEGRA;05/2006;103819,4;1216110,1;1489926,0
CHIHUIDO DE LA SIERRA NEGRA;2006-06;99959,9;1203809,6;1440752,0
CHIHUIDO DE LA SIERRA NEGRA;2006-07;100927,2;1231473,6;1496647,0
CHIHUIDO DE LA SIERRA NEGRA;2006-08;98666,0;1211460,4;1516542,0
CHIHUIDO DE LA SIERRA NEGRA;2006-09;95417,5;1165300,2;1445129,0
CHIHUIDO DE LA SIERRA NEGRA;10/2006;97038,7;1202259,1;1498406,0
CHIHUIDO DE LA SIERRA NEGRA;2006-11;88013,4;1117644,9;1367895,0
CHIHUIDO DE LA SIERRA NEGRA;2006-12;93731,2;1152837,3;1422117,0
CHIHUIDO DE LA SIERRA NEGRA;2007-01;90578,2;1179444,8;1443083,0
CHIHUIDO DE LA SIERRA NEGRA;2007-02;85028,8;1091327,2;1341463,0
CHIHUIDO DE LA SIERRA NEGRA;03/2007;91520,9;1186766,0;1434920,0
CHIHUIDO DE LA SIERRA NEGRA;2007-04;88845,2;1155643,9;1406820,0
CHIHUIDO DE LA SIERRA NEGRA;2007-05;90190,0;1189179,8;1522427,0
CHIHUIDO DE LA SIERRA NEGRA;2007-06;87677,9;1161502,2;1442713,0
CHIHUIDO DE LA SIERRA NEGRA;2007-07;89246,1;1184272,9;1439075,0
CHIHUIDO DE LA SIERRA NEGRA;08/2007;87790,8;1192963,2;1447818,0
CHIHUIDO DE LA SIERRA NEGRA;2007-09;82853,4;1137309,3;1360755,0
CHIHUIDO DE LA SIERRA NEGRA;2007-10;85212,1;1173216,7;1387829,0
CHIHUIDO DE LA SIERRA NEGRA;2007-11;83188,5;1145622,7;1397526,0
CHIHUIDO DE LA SIERRA NEGRA;2007-12;82114,9;1170866,8;1410790,8
CHIHUIDO DE LA SIERRA NEGRA;01/2008;80766,6;1190273,8;1403858,8
CHIHUIDO DE LA SIERRA NEGRA;2008-02;74478,5;1086606,4;1297712,0
CHIHUIDO DE LA SIERRA NEGRA;2008-03;79968,8;1175273,7;1390731,0
CHIHUIDO DE LA SIERRA NEGRA;2008-04;75947,9;1119561,0;1293634,0
CHIHUIDO DE LA SIERRA NEGRA;2008-05;78258,5;1151444,6;1365993,0
CHIHUIDO DE LA SIERRA NEGRA;06/2008;75255,1;1110346,4;1321614,0
CHIHUIDO DE LA SIERRA NEGRA;2008-07;77394,6;1146202,0;1361878,0
CHIHUIDO DE LA SIERRA NEGRA;2008-08;76639,6;1143926,8;1415964,0
CHIHUIDO DE LA SIERRA NEGRA;2008-09;75137,0;1116603,7;1367163,0
CHIHUIDO DE LA SIERRA NEGRA;2008-10;75588,9;1146718,0;1360106,0
CHIHUIDO DE LA SIERRA NEGRA;11/2008;73089,3;1099354,1;1320068,2
CHIHUIDO DE LA SIERRA NEGRA;2008-12;73285,2;1131589,6;1381144,0
CHIHUIDO DE LA SIERRA NEGRA;2009-01;73520,1;1129609,8;1384728,0
CHIHUIDO DE LA SIERRA NEGRA;2009-02;65792,9;1029482,9;1264058,0
CHIHUIDO DE LA SIERRA NEGRA;2009-03;72227,2;1146882,1;1400038,0
CHIHUIDO DE LA SIERRA NEGRA;04/2009;69037,1;1115405,0;1375667,0
CHIHUIDO DE LA SIERRA NEGRA;2009-05;67038,3;1127153,5;1404622,0
CHIHUIDO DE LA SIERRA NEGRA;2009-06;65904,3;1094160,2;1356375,9
CHIHUIDO DE LA SIERRA NEGRA;2009-07;58700,5;1001558,9;1247082,2
CHIHUIDO DE LA SIERRA NEGRA;2009-08;66386,7;1111810,6;1409019,7
CHIHUIDO DE LA SIERRA NEGRA;09/2009;61201,3;1040824,2;1313215,0
CHIHUIDO DE LA SIERRA NEGRA;2009-10;66009,2;1112381,8;1451078,3
CHIHUIDO DE LA SIERRA NEGRA;2009-11;62715,4;1081535,2;1366612,2
CHIHUIDO DE LA SIERRA NEGRA;2009-12;64855,1;1116083,4;1434199,0
CHIHUIDO DE LA SIERRA NEGRA;2010-01;64196,1;1110996,3;1455840,3
CHIHUIDO DE LA SIERRA NEGRA;02/2010;58209,5;1016593,1;1330394,0
CHIHUIDO DE LA SIERRA NEGRA;2010-03;62530,1;1110761,9;1410807,7
CHIHUIDO DE LA SIERRA NEGRA;2010-04;59642,2;1080697,1;1349919,4
CHIHUIDO DE LA SIERRA NEGRA;2010-05;59915,2;1123757,8;1426121,7
CHIHUIDO DE LA SIERRA NEGRA;2010-06;58767,0;1114122,0;1390275,1
CHIHUIDO DE LA SIERRA NEGRA;07/2010;60036,3;1145917,8;1402437,1
CHIHUIDO DE LA SIERRA NEGRA;2010-08;59874,3;1124682,1;1408264,1
CHIHUIDO DE LA SIERRA NEGRA;2010-09;57907,7;1100446,5;1379997,1
CHIHUIDO DE LA SIERRA NEGRA;2010-10;59190,8;1127513,4;1376041,2
CHIHUIDO DE LA SIERRA NEGRA;2010-11;55063,2;1037452,9;1312445,9
CHIHUIDO DE LA SIERRA NEGRA;12/2010;58958,9;1100456,0;1344291,2
CHIHUIDO DE LA SIERRA NEGRA;2011-01;57291,9;1070064,9;1299820,4
CHIHUIDO DE LA SIERRA NEGRA;2011-02;51829,3;959376,4;1177678,8
CHIHUIDO DE LA SIERRA NEGRA;2011-03;56468,1;1063482,4;1267668,6
CHIHUIDO DE LA SIERRA NEGRA;2011-04;53982,1;1032485,8;1237172,6
CHIHUIDO DE LA SIERRA NEGRA;05/2011;53800,8;1077651,8;1270120,0
CHIHUIDO DE LA SIERRA NEGRA;2011-06;50891,6;1051271,3;1269612,6
CHIHUIDO DE LA SIERRA NEGRA;2011-07;51930,0;1099091,2;1282189,2
CHIHUIDO DE LA SIERRA NEGRA;2011-08;52977,9;1104028,3;1278066,3
CHIHUIDO DE LA SIERRA NEGRA;2011-09;52187,6;1077600,5;1258981,0
CHIHUIDO DE LA SIERRA NEGRA;10/2011;55773,8;1106642,3;1284862,4
CHIHUIDO DE LA SIERRA NEGRA;2011-11;52871,6;1066102,0;1241762,8
CHIHUIDO DE LA SIERRA NEGRA;2011-12;53300,9;1102019,6;1258186,3
CHIHUIDO DE LA SIERRA NEGRA;2012-01;46721,8;1017364,3;1195627,8
CHIHUIDO DE LA SIERRA NEGRA;2012-02;47605,3;1008168,8;1221034,6
CHIHUIDO DE LA SIERRA NEGRA;03/2012;51065,4;1076130,7;1242954,1
CHIHUIDO DE LA SIERRA NEGRA;2012-04;46447,7;1007830,6;1211587,2
CHIHUIDO DE LA SIERRA NEGRA;2012-05;49832,2;1058700,0;1256330,1
CHIHUIDO DE LA SIERRA NEGRA;2012-06;47591,5;1020829,6;1243673,3
CHIHUIDO DE LA SIERRA NEGRA;2012-07;47373,1;1025365,0;1257241,3
CHIHUIDO DE LA SIERRA NEGRA;08/2012;47719,5;1019626,5;1298507,1
CHIHUIDO DE LA SIERRA NEGRA;2012-09;45914,5;981895,4;1216548,8
CHIHUIDO DE LA SIERRA NEGRA;2012-10;47924,3;1044174,2;1309771,2
CHIHUIDO DE LA SIERRA NEGRA;2012-11;41249,6;924908,3;1162444,6
CHIHUIDO DE LA SIERRA NEGRA;2012-12;46707,4;1027853,5;1308445,2
CHIHUIDO DE LA SIERRA NEGRA;01/2013;45841,4;1020989,4;1243497,0
CHIHUIDO DE LA SIERRA NEGRA;2013-02;41781,4;944821,5;1112767,4
CHIHUIDO DE LA SIERRA NEGRA;2013-03;46004,5;1003797,3;1209562,2
CHIHUIDO DE LA SIERRA NEGRA;2013-04;44563,7;969097,3;1186990,9
CHIHUIDO DE LA SIERRA NEGRA;2013-05;47333,2;1025684,8;1250750,6
CHIHUIDO DE LA SIERRA NEGRA;06/2013;41908,1;936122,3;1157658,8
CHIHUIDO DE LA SIERRA NEGRA;2013-07;46447,4;998133,2;1195719,5
CHIHUIDO DE LA SIERRA NEGRA;2013-08;39372,0;849984,3;1093955,6
CHIHUIDO DE LA SIERRA NEGRA;2013-09;44450,1;969589,6;1188461,0
CHIHUIDO DE LA SIERRA NEGRA;2013-10;45326,3;971845,0;1201723,5
CHIHUIDO DE LA SIERRA NEGRA;11/2013;41463,2;899910,4;1149877,8
CHIHUIDO DE LA SIERRA NEGRA;2013-12;43021,5;966697,5;1239461,2
CHIHUIDO DE LA SIERRA NEGRA;2014-01;42672,4;969947,4;1231350,5
CHIHUIDO DE LA SIERRA NEGRA;2014-02;37942,8;875047,1;1148611,8
CHIHUIDO DE LA SIERRA NEGRA;2014-03;41667,2;956890,6;1217761,2
CHIHUIDO DE LA SIERRA NEGRA;04/2014;35367,4;817881,6;964441,9
CHIHUIDO DE LA SIERRA NEGRA;2014-05;41633,7;925713,7;1189757,1
CHIHUIDO DE LA SIERRA NEGRA;2014-06;39891,3;892394,7;1168816,2
CHIHUIDO DE LA SIERRA NEGRA;2014-07;39415,6;894026,4;1161878,7
CHIHUIDO DE LA SIERRA NEGRA;2014-08;37957,9;904268,2;1212385,6
CHIHUIDO DE LA SIERRA NEGRA;09/2014;40554,0;951907,6;1218964,4
CHIHUIDO DE LA SIERRA NEGRA;2014-10;41540,0;985273,8;1250070,5
CHIHUIDO DE LA SIERRA NEGRA;2014-11;39606,0;938611,0;1180163,5
CHIHUIDO DE LA SIERRA NEGRA;2014-12;38453,7;950573,5;1203016,8
CHIHUIDO DE LA SIERRA NEGRA;2015-01;39902,4;975584,0;1275918,1
CHIHUIDO DE LA SIERRA NEGRA;02/2015;34566,0;855434,4;1120463,4
CHIHUIDO DE LA SIERRA NEGRA;2015-03;39897,4;968909,8;1248342,4
CHIHUIDO DE LA SIERRA NEGRA;2015-04;38123,4;940122,9;1212897,2
CHIHUIDO DE LA SIERRA NEGRA;2015-05;39081,9;990412,7;1259843,3
CHIHUIDO DE LA SIERRA NEGRA;2015-06;37214,0;975676,7;1200763,3
CHIHUIDO DE LA SIERRA NEGRA;07/2015;38562,3;1009334,7;1255329,5
CHIHUIDO DE LA SIERRA NEGRA;2015-08;37944,1;1014340,6;1255295,2
CHIHUIDO DE LA SIERRA NEGRA;2015-09;36741,9;973010,5;1233231,8
CHIHUIDO DE LA SIERRA NEGRA;2015-10;37572,6;969098,9;1243830,1
CHIHUIDO DE LA SIERRA NEGRA;2015-11;34507,6;925302,8;1140834,4
CHIHUIDO DE LA SIERRA NEGRA;12/2015;37036,5;1001419,3;1224303,3
CHIHUIDO DE LA SIERRA NEGRA;2016-01;36475,7;992711,9;1191619,5
CHIHUIDO DE LA SIERRA NEGRA;2016-02;33188,7;910320,4;1101265,4
CHIHUIDO DE LA SIERRA NEGRA;2016-03;37218,9;1017398,9;1252257,2
CHIHUIDO DE LA SIERRA NEGRA;2016-04;34895,6;961655,4;1176680,2
CHIHUIDO DE LA SIERRA NEGRA;05/2016;35400,6;979393,0;1190109,4
CHIHUIDO DE LA SIERRA NEGRA;2016-06;32063,0;911210,2;1099702,4
CHIHUIDO DE LA SIERRA NEGRA;2016-07;34225,7;984593,1;1191048,8
CHIHUIDO DE LA SIERRA NEGRA;2016-08;33330,1;940364,1;1167059,0
CHIHUIDO DE LA SIERRA NEGRA;2016-09;31276,8;834861,2;1027023,9
CHIHUIDO DE LA SIERRA NEGRA;10/2016;32350,3;853654,9;1053076,6
CHIHUIDO DE LA SIERRA NEGRA;2016-11;30614,6;803540,9;1104599,0
CHIHUIDO DE LA SIERRA NEGRA;2016-12;29030,4;750244,0;1011778,4
CHIHUIDO DE LA SIERRA NEGRA;2017-01;29030,2;762019,4;1032654,9
CHIHUIDO DE LA SIERRA NEGRA;2017-02;23559,2;650921,7;863088,3
CHIHUIDO DE LA SIERRA NEGRA;03/2017;27785,9;773017,0;1013778,0
CHIHUIDO DE LA SIERRA NEGRA;2017-04;23884,0;665501,7;889155,5
CHIHUIDO DE LA SIERRA NEGRA;2017-05;24593,5;701333,0;930260,1
CHIHUIDO DE LA SIERRA NEGRA;2017-06;27192,0;749351,9;999461,0
CHIHUIDO DE LA SIERRA NEGRA;2017-07;28083,4;764030,3;1034581,0
CHIHUIDO DE LA SIERRA NEGRA;08/2017;27638,3;732796,3;1029951,6
CHIHUIDO DE LA SIERRA NEGRA;2017-09;27239,8;711919,1;988805,9
CHIHUIDO DE LA SIERRA NEGRA;2017-10;27201,7;739988,5;1049908,2
CHIHUIDO DE LA SIERRA NEGRA;2017-11;26047,2;730909,4;982575,9
CHIHUIDO DE LA SIERRA NEGRA;2017-12;25533,2;747219,3;1004228,7
CHIHUIDO DE LA SIERRA NEGRA;01/2018;26505,5;814059,2;1094613,2
CHIHUIDO DE LA SIERRA NEGRA;2018-02;24204,3;748106,8;968059,6
CHIHUIDO DE LA SIERRA NEGRA;2018-03;26934,2;819701,0;1050430,6
CHIHUIDO DE LA SIERRA NEGRA;2018-04;26083,7;779837,2;1020938,4
CHIHUIDO DE LA SIERRA NEGRA;2018-05;26906,1;818720,1;1064333,5
CHIHUIDO DE LA SIERRA NEGRA;06/2018;25499,1;783706,0;1006929,7
CHIHUIDO DE LA SIERRA NEGRA;2018-07;25069,4;820641,7;1091859,5
CHIHUIDO DE LA SIERRA NEGRA;2018-08;25165,2;801788,5;1065046,8
CHIHUIDO DE LA SIERRA NEGRA;2018-09;24141,9;759883,3;1013719,7
CHIHUIDO DE LA SIERRA NEGRA;2018-10;24477,6;788282,5;1061972,6
CHIHUIDO DE LA SIERRA NEGRA;11/2018;22749,7;765814,0;1009504,0
CHIHUIDO DE LA SIERRA NEGRA;2018-12;23570,9;782140,4;1039864,1
CHIHUIDO DE LA SIERRA NEGRA;2019-01;23448,9;786544,4;1031682,4
CHIHUIDO DE LA SIERRA NEGRA;2019-02;21764,6;721583,1;935223,7
CHIHUIDO DE LA SIERRA NEGRA;2019-03;23348,6;778428,6;1030527,5
CHIHUIDO DE LA SIERRA NEGRA;04/2019;22142,7;759691,3;972725,4
CHIHUIDO DE LA SIERRA NEGRA;2019-05;23368,7;787291,3;1026563,7
CHIHUIDO DE LA SIERRA NEGRA;2019-06;21699,4;734436,0;1001448,8
CHIHUIDO DE LA SIERRA NEGRA;2019-07;22703,5;793943,2;1077750,1
CHIHUIDO DE LA SIERRA NEGRA;2019-08;22755,1;784609,3;1085128,2
CHIHUIDO DE LA SIERRA NEGRA;09/2019;21708,4;762210,5;1043205,4
CHIHUIDO DE LA SIERRA NEGRA;2019-10;21551,8;754036,3;991809,5
CHIHUIDO DE LA SIERRA NEGRA;2019-11;20336,0;732265,4;1036610,3
CHIHUIDO DE LA SIERRA NEGRA;2019-12;20131,5;731736,7;1005567,3
CHIHUIDO DE LA SIERRA NEGRA;2020-01;22085,3;791172,1;1066735,9
CHIHUIDO DE LA SIERRA NEGRA;02/2020;22409,8;679680,2;924788,7
CHIHUIDO DE LA SIERRA NEGRA;2020-03;24461,4;662750,9;931093,7
CHIHUIDO DE LA SIERRA NEGRA;2020-04;23548,8;638031,1;895325,3
CHIHUIDO DE LA SIERRA NEGRA;2020-05;22589,5;649271,1;916726,4
CHIHUIDO DE LA SIERRA NEGRA;2020-06;19847,9;622464,4;886357,1
CHIHUIDO DE LA SIERRA NEGRA;07/2020;17204,3;556739,8;810354,4
CHIHUIDO DE LA SIERRA NEGRA;2020-08;14670,8;513055,0;755570,4
CHIHUIDO DE LA SIERRA NEGRA;2020-09;13896,1;451315,8;629064,3
CHIHUIDO DE LA SIERRA NEGRA;2020-10;14099,7;495593,4;670390,8
CHIHUIDO DE LA SIERRA NEGRA;2020-11;13462,8;524603,4;735354,1
CHIHUIDO DE LA SIERRA NEGRA;12/2020;16710,3;569352,8;779751,2
CHIHUIDO DE LA SIERRA NEGRA;2021-01;18694,6;573790,2;792991,1
CHIHUIDO DE LA SIERRA NEGRA;2021-02;16935,2;530523,9;727643,9
CHIHUIDO DE LA SIERRA NEGRA;2021-03;16891,2;557100,2;765959,8
CHIHUIDO DE LA SIERRA NEGRA;2021-04;16937,7;555582,6;790023,9
CHIHUIDO DE LA SIERRA NEGRA;05/2021;17277,2;585656,6;840490,2
CHIHUIDO DE LA SIERRA NEGRA;2021-06;17190,6;574593,7;824815,9
CHIHUIDO DE LA SIERRA NEGRA;2021-07;17238,8;578090,8;817224,3
CHIHUIDO DE LA SIERRA NEGRA;2021-08;17037,5;581219,9;818535,3
CHIHUIDO DE LA SIERRA NEGRA;2021-09;17234,7;572731,7;790867,3
CHIHUIDO DE LA SIERRA NEGRA;10/2021;17519,6;616998,8;828084,1
CHIHUIDO DE LA SIERRA NEGRA;2021-11;16980,3;605277,3;821797,3
CHIHUIDO DE LA SIERRA NEGRA;2021-12;16772,7;613155,5;829130,3
CHIHUIDO DE LA SIERRA NEGRA;2022-01;16996,1;614402,4;835802,5
CHIHUIDO DE LA SIERRA NEGRA;2022-02;15587,9;553030,7;741536,9
CHIHUIDO DE LA SIERRA NEGRA;03/2022;17471,2;617539,8;854939,9
CHIHUIDO DE LA SIERRA NEGRA;2022-04;16694,8;580037,1;813362,3
CHIHUIDO DE LA SIERRA NEGRA;2022-05;16173,9;537019,9;751926,3
CHIHUIDO DE LA SIERRA NEGRA;2022-06;15031,8;483872,4;670453,0
CHIHUIDO DE LA SIERRA NEGRA;2022-07;16489,7;523934,7;705162,3
CHIHUIDO DE LA SIERRA NEGRA;08/2022;15566,0;496238,2;678580,6
CHIHUIDO DE LA SIERRA NEGRA;2022-09;14275,5;456468,0;623995,4
CHIHUIDO DE LA SIERRA NEGRA;2022-10;14296,4;467164,9;624328,3
CHIHUIDO DE LA SIERRA NEGRA;2022-11;13809,0;461917,0;594659,1
CHIHUIDO DE LA SIERRA NEGRA;2022-12;14237,1;490666,7;644364,0
CHIHUIDO DE LA SIERRA NEGRA;01/2023;14143,1;504937,5;610674,8
CHIHUIDO DE LA SIERRA NEGRA;2023-02;13819,0;500928,5;601990,7
CHIHUIDO DE LA SIERRA NEGRA;2023-03;15598,9;585275,4;720811,8
CHIHUIDO DE LA SIERRA NEGRA;2023-04;15459,2;563152,0;707128,6
CHIHUIDO DE LA SIERRA NEGRA;2023-05;15247,7;581194,6;703829,9
CHIHUIDO DE LA SIERRA NEGRA;06/2023;14558,4;564541,0;675852,5
CHIHUIDO DE LA SIERRA NEGRA;2023-07;15366,8;567582,2;700609,7
CHIHUIDO DE LA SIERRA NEGRA;2023-09;15084,8;564308,9;698537,1
CHIHUIDO DE LA SIERRA NEGRA;2023-10;15107,8;586292,2;720396,3
CHIHUIDO DE LA SIERRA NEGRA;11/2023;14489,4;563532,0;682492,2
CHIHUIDO DE LA SIERRA NEGRA;2023-12;15122,2;590658,3;756411,9
CHIHUIDO DE LA SIERRA NEGRA;2024-01;14915,1;597810,0;756559,1
CHIHUIDO DE LA SIERRA NEGRA;2024-02;13931,8;552816,2;678756,7
CHIHUIDO DE LA SIERRA NEGRA;2024-03;14568,6;583458,6;732301,6
CHIHUIDO DE LA SIERRA NEGRA;04/2024;13297,1;533114,0;651064,4
CHIHUIDO DE LA SIERRA NEGRA;2024-05;13700,8;532157,4;650522,3
CHIHUIDO DE LA SIERRA NEGRA;2024-06;12981,7;506388,0;621719,1
CHIHUIDO DE LA SIERRA NEGRA;2024-07;13822,4;533020,5;636795,1
CHIHUIDO DE LA SIERRA NEGRA;2024-08;13992,3;521441,5;640892,8
CHIHUIDO DE LA SIERRA NEGRA;09/2024;12982,1;461042,8;532178,7
CHIHUIDO DE LA SIERRA NEGRA;2024-10;13236,7;500242,9;593694,9
CHIHUIDO DE LA SIERRA NEGRA;2024-11;13255,5;495179,7;622592,2
CHIHUIDO DE LA SIERRA NEGRA;2024-12;13234,3;499107,3;626949,8
CHIHUIDO DE LA SIERRA NEGRA;2025-01;13571,7;495467,4;617996,3
CHIHUIDO DE LA SIERRA NEGRA;02/2025;12060,4;432673,2;550037,2
CHIHUIDO DE LA SIERRA NEGRA;2025-03;13626,7;484739,5;596146,4
CHIHUIDO DE LA SIERRA NEGRA;2025-04;12643,7;459074,7;571304,4
CHIHUIDO DE LA SIERRA NEGRA;2025-05;13281,2;473770,9;604164,2
CHIHUIDO DE LA SIERRA NEGRA;2025-06;12810,9;453028,8;576656,3
CHIHUIDO DE LA SIERRA NEGRA;07/2025;12797,8;458665,2;578501,8
CHIHUIDO DE LA SIERRA NEGRA;2025-08;12642,6;470788,2;566976,4
CHIHUIDO DE LA SIERRA NEGRA;2025-09;12107,6;454714,9;545251,2
CHIHUIDO DE LA SIERRA NEGRA;2025-10;12653,2;461742,6;548089,3
CHIHUIDO DE LA SIERRA NEGRA;2025-11;11418,2;407976,6;487270,1
CHIHUIDO DE LA SIERRA NEGRA;12/2025;12244,9;428328,3;513770,4
CHIHUIDO DE LA SIERRA NEGRA;2026-01;12257,1;420014,7;497911,4
CHIHUIDO DE LA SIERRA NEGRA;2026-02;10752,7;375663,1;440332,0
CHIHUIDO DE LA SIERRA NEGRA;2026-03;11715,2;408899,5;536126,5
CHIHUIDO DE LA SIERRA NEGRA;2026-04;11741,0;404756,9;539328,4
CHIHUIDO DE LA SIERRA NEGRA;05/2026;11940,4;406445,2;549967,8
CHIHUIDO DE LA SIERRA NEGRA;2026-06;11330,6;399564,3;485424,0
CHIHUIDO DE LA SIERRA NEGRA;2026-07;12360,8;410336,0;390927,8
EL TRAPIAL;2006-01;206192,0;1562668,0;540943,7
EL TRAPIAL;2006-02;183596,0;1433495,0;1942629,9
EL TRAPIAL;03/2006;201610,0;1584979,1;2149948,9
EL TRAPIAL;2006-04;188397,0;1526877,7;2071470,5
EL TRAPIAL;2006-05;199095,0;1626278,0;2196422,9
EL TRAPIAL;2006-06;196197,0;1515860,0;2059805,9
EL TRAPIAL;2006-07;203451,0;1584866,0;2131481,8
EL TRAPIAL;08/2006;206926,0;1627684,0;2187888,6
EL TRAPIAL;2006-09;200266,0;1596615,0;2116450,5
EL TRAPIAL;2006-10;209132,0;1625232,0;2123757,2
EL TRAPIAL;2006-11;191434,0;1515170,0;1980856,3
EL TRAPIAL;2006-12;206294,0;1573115,0;2047150,0
EL TRAPIAL;01/2007;206875,0;1567231,0;2051814,0
EL TRAPIAL;2007-02;187714,0;1384449,1;1806386,0
EL TRAPIAL;2007-03;210927,0;1657611,0;2135331,4
EL TRAPIAL;2007-04;208124,0;1539825,0;1995123,0
EL TRAPIAL;2007-05;213101,0;1564081,0;1902731,1
EL TRAPIAL;06/2007;206287,0;1531061,0;1962921,5
EL TRAPIAL;2007-07;203146,0;1563224,0;1964149,4
EL TRAPIAL;2007-08;206939,0;1589526,0;2050784,6
EL TRAPIAL;2007-09;205228,0;1502932,0;1953225,8
EL TRAPIAL;2007-10;216562,0;1544004,0;2002257,5
EL TRAPIAL;11/2007;213292,0;1502877,0;1943862,4
EL TRAPIAL;2007-12;220787,0;1493056,0;1911458,0
EL TRAPIAL;2008-01;219051,0;1471837,8;1869587,0
EL TRAPIAL;2008-02;204616,0;1393828,0;1759740,8
EL TRAPIAL;2008-03;216993,0;1528633,0;1849497,5
EL TRAPIAL;04/2008;206009,0;1429067,5;1798095,4
EL TRAPIAL;2008-05;208481,4;1470955,3;1848944,4
EL TRAPIAL;2008-06;200938,0;1380973,7;1694970,4
EL TRAPIAL;2008-07;202040,0;1462968,5;1832890,8
EL TRAPIAL;2008-08;202382,9;1494156,9;1873925,7
EL TRAPIAL;09/2008;200317,0;1435980,8;1795984,2
EL TRAPIAL;2008-10;205255,0;1443103,0;1805032,7
EL TRAPIAL;2008-11;200094,0;1377892,8;1730262,3
EL TRAPIAL;2008-12;204471,9;1461236,3;1816994,0
EL TRAPIAL;2009-01;205002,0;1457475,0;1834749,4
EL TRAPIAL;02/2009;185468,0;1333554,1;1671866,9
EL TRAPIAL;2009-03;183353,0;1443015,2;1810154,8
EL TRAPIAL;2009-04;195855,0;1370187,3;1729234,9
EL TRAPIAL;2009-05;200581,0;1418927,2;1783327,0
EL TRAPIAL;2009-06;197522,0;1392977,2;1742903,9
EL TRAPIAL;07/2009;199721,0;1418201,9;1771701,0
EL TRAPIAL;2009-08;203379,0;1441017,4;1813291,0
EL TRAPIAL;2009-09;189745,0;1336134,4;1673012,0
EL TRAPIAL;2009-10;202222,0;1393219,7;1760854,0
EL TRAPIAL;2009-11;193014,0;1336310,6;1705704,0
EL TRAPIAL;12/2009;195357,8;1371289,9;1741541,2
EL TRAPIAL;2010-01;198462,3;1315140,7;1670639,8
EL TRAPIAL;2010-02;179803,1;1196509,9;1635921,6
EL TRAPIAL;2010-03;199393,2;1339651,2;1724896,1
EL TRAPIAL;2010-04;192181,0;1285863,6;1625280,4
EL TRAPIAL;05/2010;195930,0;1315150,5;1641276,3
EL TRAPIAL;2010-06;186430,0;1292750,3;1565833,6
EL TRAPIAL;2010-07;190023,0;1347043,0;1647149,3
EL TRAPIAL;2010-08;187856,0;1335962,4;1622385,1
EL TRAPIAL;2010-09;180388,9;1299448,0;1616558,4
EL TRAPIAL;10/2010;186284,9;1334259,3;1666980,3
EL TRAPIAL;2010-11;178984,0;1284445,1;1598816,1
EL TRAPIAL;2010-12;182113,8;1319563,5;1647068,5
EL TRAPIAL;2011-01;181208,0;1309597,9;1641140,1
EL TRAPIAL;2011-02;161762,5;1184422,0;1473770,3
EL TRAPIAL;03/2011;175859,0;1309664,4;1632853,7
EL TRAPIAL;2011-04;165853,0;1263286,8;1576899,5
EL TRAPIAL;2011-05;167138,7;1331226,9;1629800,9
EL TRAPIAL;2011-06;155799,5;1287042,0;1567319,9
EL TRAPIAL;2011-07;153054,0;1347884,7;1639113,7
EL TRAPIAL;08/2011;153248,0;1333343,0;1612599,3
EL TRAPIAL;2011-09;149266,0;1275529,5;1581606,9
EL TRAPIAL;2011-10;153059,6;1260348,9;1525430,6
EL TRAPIAL;2011-11;143994,8;1196817,4;1453095,8
EL TRAPIAL;2011-12;143356,1;1246896,9;1507584,2
EL TRAPIAL;01/2012;139617,2;1204678,0;1473439,2
EL TRAPIAL;2012-02;131207,1;1120537,6;1331791,3
EL TRAPIAL;2012-03;135702,9;1213184,6;1485881,3
EL TRAPIAL;2012-04;124815,0;1177811,1;1445431,7
EL TRAPIAL;2012-05;130220,2;1241255,4;1479899,8
EL TRAPIAL;06/2012;124825,0;1219710,4;1483645,9
EL TRAPIAL;2012-07;127113,0;1284998,5;1542327,5
EL TRAPIAL;2012-08;124956,4;1309285,7;1607202,0
EL TRAPIAL;2012-09;118919,7;1268727,3;1541367,9
EL TRAPIAL;2012-10;118816,3;1353787,7;1654123,1
EL TRAPIAL;11/2012;99610,7;1206086,9;1443394,5
EL TRAPIAL;2012-12;114572,0;1275279,7;1516406,4
EL TRAPIAL;2013-01;106646,6;1248971,5;1510185,5
EL TRAPIAL;2013-02;96802,5;1168297,8;1407111,1
EL TRAPIAL;2013-03;106045,7;1273250,9;1537270,6
EL TRAPIAL;04/2013;98759,8;1239292,6;1492853,5
EL TRAPIAL;2013-05;103456,6;1310604,6;1583165,6
EL TRAPIAL;2013-06;98491,0;1264707,2;1536682,1
EL TRAPIAL;2013-07;100462,1;1355011,8;1634021,5
EL TRAPIAL;2013-08;97910,9;1343228,9;1622826,0
EL TRAPIAL;09/2013;93227,0;1299565,8;1596921,3
EL TRAPIAL;2013-10;94851,7;1356033,7;1665270,5
EL TRAPIAL;2013-11;90500,3;1338732,9;1618111,2
EL TRAPIAL;2013-12;90378,3;1415575,2;1683160,8
EL TRAPIAL;2014-01;86570,2;1419232,1;1703706,8
EL TRAPIAL;02/2014;74400,0;1295732,1;1542079,6
EL TRAPIAL;2014-03;80505,5;1436707,7;1716711,7
EL TRAPIAL;2014-04;72247,3;1362096,3;1625386,8
EL TRAPIAL;2014-05;73361,0;1420454,2;1728346,5
EL TRAPIAL;2014-06;70327,8;1383322,3;1676237,2
EL TRAPIAL;07/2014;66644,6;1392122,9;1674917,3
EL TRAPIAL;2014-08;69366,8;1447779,9;1731491,1
EL TRAPIAL;2014-09;67541,4;1423230,5;1678216,6
EL TRAPIAL;2014-10;67930,6;1494834,5;1767945,7
EL TRAPIAL;2014-11;64151,5;1463088,9;1722855,2
EL TRAPIAL;12/2014;66355,8;1510690,1;1787451,9
EL TRAPIAL;2015-01;65518,7;1504262,9;1772201,5
EL TRAPIAL;2015-02;57312,2;1337655,9;2743165,4
EL TRAPIAL;2015-03;63717,2;1490370,2;1837970,3
EL TRAPIAL;2015-04;60216,0;1438826,2;1773442,0
EL TRAPIAL;05/2015;61751,4;1489712,1;1835031,8
EL TRAPIAL;2015-06;58537,6;1447639,7;1655265,8
EL TRAPIAL;2015-07;58310,0;1517259,6;1729344,5
EL TRAPIAL;2015-08;58467,0;1518793,1;1715930,7
EL TRAPIAL;2015-09;55126,0;1481505,2;1667958,6
EL TRAPIAL;10/2015;56349,0;1512960,7;1710245,8
EL TRAPIAL;2015-11;52964,0;1449783,3;1617774,9
EL TRAPIAL;2015-12;53257,9;1497995,4;1679808,6
EL TRAPIAL;2016-01;52027,1;1460407,6;1642416,6
EL TRAPIAL;2016-02;47606,0;1376252,9;1486569,3
EL TRAPIAL;03/2016;48984,9;1424280,0;1481857,6
EL TRAPIAL;2016-04;44558,0;1310887,3;1369639,5
EL TRAPIAL;2016-05;43192,1;1315026,8;1368468,5
EL TRAPIAL;2016-06;38063,0;1195507,2;1286086,0
EL TRAPIAL;2016-07;37474,1;1231965,5;1363051,2
EL TRAPIAL;08/2016;37398,0;1213492,1;1373743,8
EL TRAPIAL;2016-09;36190,0;1204207,7;1347506,4
EL TRAPIAL;2016-10;38025,0;1256473,1;1393842,8
EL TRAPIAL;2016-11;36479,0;1207959,2;1364022,4
EL TRAPIAL;2016-12;36755,9;1239818,5;1402317,5
EL TRAPIAL;01/2017;35680,0;1219934,1;1399091,8
EL TRAPIAL;2017-02;31652,9;1103584,4;1275870,6
EL TRAPIAL;2017-03;34425,0;1207760,0;1414237,2
EL TRAPIAL;2017-04;32832,0;1165137,8;1361732,9
EL TRAPIAL;2017-05;33439,0;1206066,4;1398928,1
EL TRAPIAL;06/2017;32146,0;1175169,5;1334014,9
EL TRAPIAL;2017-07;32185,0;1163345,4;1338767,5
EL TRAPIAL;2017-08;31911,9;1157485,7;1339434,3
EL TRAPIAL;2017-09;31700,0;1121376,0;1295352,4
EL TRAPIAL;2017-10;32704,3;1170633,0;1342949,0
EL TRAPIAL;11/2017;30596,5;1131318,3;1296634,4
EL TRAPIAL;2017-12;31319,0;1161134,4;1314489,6
EL TRAPIAL;2018-01;30668,0;1147786,1;1291445,3
EL TRAPIAL;2018-02;26886,0;1033839,2;1203981,5
EL TRAPIAL;2018-03;30777,0;1138691,7;1297108,3
EL TRAPIAL;04/2018;29421,0;1096116,9;1261994,1
EL TRAPIAL;2018-05;29637,9;1111598,3;1285654,2
EL TRAPIAL;2018-06;28411,0;1086990,4;1250215,6
EL TRAPIAL;2018-07;29021,9;1123001,5;1298527,3
EL TRAPIAL;2018-08;29323,9;1117952,5;1300292,1
EL TRAPIAL;09/2018;27613,9;1077333,1;1242589,1
EL TRAPIAL;2018-10;27312,0;1099195,6;1287829,7
EL TRAPIAL;2018-11;25929,0;1061149,8;1171511,1
EL TRAPIAL;2018-12;27043,0;1093872,7;1276065,5
EL TRAPIAL;2019-01;26553,0;1082546,0;1272435,3
EL TRAPIAL;02/2019;23213,0;975060,4;1128089,4
EL TRAPIAL;2019-03;26065,0;1074825,8;1240109,1
EL TRAPIAL;2019-04;25573,0;1034085,8;1178917,4
EL TRAPIAL;2019-05;26290,9;1076782,0;1209729,2
EL TRAPIAL;07/2019;26376,0;1071169,7;1227039,3
EL TRAPIAL;2019-08;26560,1;1073491,1;1209959,2
EL TRAPIAL;2019-09;25290,0;1032475,1;1157766,4
EL TRAPIAL;2019-10;26238,1;1067016,9;1180865,3
EL TRAPIAL;2019-11;25728,1;1017497,8;1138273,2
EL TRAPIAL;12/2019;25528,0;1043950,1;1162489,9
EL TRAPIAL;2020-01;25389,0;1047173,9;1183885,0
EL TRAPIAL;2020-02;24021,0;968999,5;1092684,6
EL TRAPIAL;2020-03;23550,0;1005684,0;1153588,7
EL TRAPIAL;2020-04;23555,0;968745,3;1139220,7
EL TRAPIAL;05/2020;24209,1;957059,6;1126551,8
EL TRAPIAL;2020-06;23158,0;929043,3;1020253,7
EL TRAPIAL;2020-07;22909,9;958274,5;1056949,5
EL TRAPIAL;2020-08;23246,0;969027,7;1078771,4
EL TRAPIAL;2020-09;22442,0;942074,2;1021652,2
EL TRAPIAL;10/2020;22847,9;964913,5;1047240,9
EL TRAPIAL;2020-11;23631,0;931484,0;1017647,8
EL TRAPIAL;2020-12;29161,1;943636,7;1032052,1
EL TRAPIAL;2021-01;32451,1;921437,1;1027868,8
EL TRAPIAL;2021-02;30766,0;834964,2;905192,4
EL TRAPIAL;03/2021;35011,0;946162,1;1028993,6
EL TRAPIAL;2021-04;32676,1;915013,9;990801,6
EL TRAPIAL;2021-05;31727,9;945058,9;1013125,2
EL TRAPIAL;2021-06;29210,9;901505,1;953792,4
EL TRAPIAL;2021-07;32427,0;929590,4;1001598,6
EL TRAPIAL;08/2021;35153,0;919749,9;995075,2
EL TRAPIAL;2021-09;35551,0;889404,1;955789,7
EL TRAPIAL;2021-10;36863,9;935001,5;993896,4
EL TRAPIAL;2021-11;33560,0;892469,7;930962,8
EL TRAPIAL;2021-12;32236,0;903833,9;967321,0
EL TRAPIAL;01/2022;27814,1;878697,8;969793,3
EL TRAPIAL;2022-02;24723,5;779256,1;855455,7
EL TRAPIAL;2022-03;24655,0;852100,8;934379,1
EL TRAPIAL;2022-04;17676,1;822483,3;928265,6
EL TRAPIAL;2022-05;21242,0;866807,7;977719,4
EL TRAPIAL;06/2022;23577,0;854319,0;983162,6
EL TRAPIAL;2022-07;26970,0;872916,7;1026879,1
EL TRAPIAL;2022-08;26340,0;817266,7;956485,4
EL TRAPIAL;2022-09;25494,1;832208,8;957085,4
EL TRAPIAL;2022-10;25779,0;843931,8;971603,7
EL TRAPIAL;11/2022;24890,0;785885,0;914168,5
EL TRAPIAL;2022-12;23421,0;775038,6;901087,2
EL TRAPIAL;2023-01;20873,0;732730,1;855326,3
EL TRAPIAL;2023-02;18915,0;713837,4;837646,6
EL TRAPIAL;2023-03;21987,0;784032,9;909016,4
EL TRAPIAL;04/2023;21290,0;746013,1;846190,9
EL TRAPIAL;2023-05;18397,9;746793,6;808824,6
EL TRAPIAL;2023-06;16869,0;656891,2;722566,1
EL TRAPIAL;2023-07;18011,0;621745,9;682421,5
EL TRAPIAL;2023-08;18784,0;692389,5;737831,9
EL TRAPIAL;09/2023;17137,6;626839,1;652694,4
EL TRAPIAL;2023-10;14956,8;694466,6;778835,8
EL TRAPIAL;2023-11;13256,0;670703,1;739322,0
EL TRAPIAL;2023-12;14742,8;729802,4;795513,6
EL TRAPIAL;2024-01;15290,6;700894,9;786038,9
EL TRAPIAL;02/2024;15971,8;633990,8;694790,9
EL TRAPIAL;2024-03;16698,5;692825,0;734914,7
EL TRAPIAL;2024-04;14218,1;687925,3;750126,5
EL TRAPIAL;2024-05;14235,9;685900,9;743878,7
EL TRAPIAL;2024-06;13281,4;641187,5;671781,9
EL TRAPIAL;07/2024;16200,6;606284,0;681040,4
EL TRAPIAL;2024-08;16703,0;584660,1;652931,8
EL TRAPIAL;2024-09;15242,9;564790,9;592779,3
EL TRAPIAL;2024-10;15194,6;531628,2;589474,9
EL TRAPIAL;2024-11;14865,7;518967,0;590577,7
EL TRAPIAL;12/2024;13970,3;487090,9;556240,6
EL TRAPIAL;2025-01;15748,7;498998,3;541935,3
EL TRAPIAL;2025-02;11616,0;438196,7;507869,9
EL TRAPIAL;2025-03;11383,5;508959,6;549414,2
EL TRAPIAL;2025-04;11527,3;453653,5;522272,3
EL TRAPIAL;05/2025;12606,7;442313,1;503907,2
EL TRAPIAL;2025-06;9390,6;416696,0;505524,8
EL TRAPIAL;2025-07;7788,5;353530,3;409169,4
EL TRAPIAL;2025-08;6924,1;344904,9;432959,6
EL TRAPIAL;2025-09;7109,8;295301,3;404185,9
EL TRAPIAL;10/2025;7366,3;283465,5;396519,2
EL TRAPIAL;2025-11;5874,0;115141,0;223644,7
EL TRAPIAL;2025-12;4211,8;101153,3;207300,3
EL TRAPIAL;2026-01;3968,3;101390,1;206042,4
EL TRAPIAL;2026-02;4810,6;89973,9;182191,2
EL TRAPIAL;03/2026;3227,9;64972,1;144397,7
EL TRAPIAL;2026-04;5201,1;74349,5;185295,5
EL TRAPIAL;2026-05;3401,6;60291,0;188611,1
EL TRAPIAL;2026-06;3262,5;34183,2;171543,8
EL TRAPIAL;2026-07;3644,7;45734,7;159639,2
PUESTO HERNÁNDEZ;01/2006;155797,6;2422884,6;3040502,0
PUESTO HERNÁNDEZ;2006-02;138286,7;2158078,3;2645837,0
PUESTO HERNÁNDEZ;2006-03;143241,0;2276244,6;2787922,0
PUESTO HERNÁNDEZ;2006-04;143292,5;2296281,4;2839557,0
PUESTO HERNÁNDEZ;2006-05;148711,6;2422787,7;2986469,0
PUESTO HERNÁNDEZ;06/2006;142865,4;2325076,9;2827711,0
PUESTO HERNÁNDEZ;2006-07;142908,6;2338381,5;2867237,0
PUESTO HERNÁNDEZ;2006-08;143116,1;2422722,3;3001419,0
PUESTO HERNÁNDEZ;2006-09;139115,5;2303795,6;2720225,0
PUESTO HERNÁNDEZ;2006-10;136790,3;2414596,9;2906662,0
PUESTO HERNÁNDEZ;11/2006;124945,0;2248085,0;2726595,6
PUESTO HERNÁNDEZ;2006-12;132017,9;2356302,8;2921243,0
PUESTO HERNÁNDEZ;2007-01;128448,0;2372969,6;2909748,1
PUESTO HERNÁNDEZ;2007-02;115506,9;2128877,1;2684315,0
PUESTO HERNÁNDEZ;2007-03;126520,9;2399758,6;3024202,8
PUESTO HERNÁNDEZ;04/2007;121466,6;2334031,0;2971585,0
PUESTO HERNÁNDEZ;2007-05;123927,1;2444045,3;3068615,0
PUESTO HERNÁNDEZ;2007-06;116992,4;2329911,0;2725799,0
PUESTO HERNÁNDEZ;2007-07;118389,6;2446147,1;3031203,0
PUESTO HERNÁNDEZ;2007-08;120590,6;2432532,1;3037733,1
PUESTO HERNÁNDEZ;09/2007;117428,7;2346924,0;2880323,0
PUESTO HERNÁNDEZ;2007-10;119444,0;2424568,0;2961818,0
PUESTO HERNÁNDEZ;2007-11;114341,2;2321170,6;2856627,0
PUESTO HERNÁNDEZ;2007-12;111975,3;2331647,5;2820592,0
PUESTO HERNÁNDEZ;2008-01;114607,5;2318271,3;2788726,0
PUESTO HERNÁNDEZ;02/2008;107095,7;2098328,7;2440688,0
PUESTO HERNÁNDEZ;2008-03;112084,9;2223766,2;2590584,0
PUESTO HERNÁNDEZ;2008-04;107137,9;2129784,9;2487217,3
PUESTO HERNÁNDEZ;2008-05;108769,1;2165042,5;2525675,5
PUESTO HERNÁNDEZ;2008-06;103899,2;2146587,5;2493421,7
PUESTO HERNÁNDEZ;07/2008;106521,6;2253273,2;2599101,4
PUESTO HERNÁNDEZ;2008-08;105181,6;2314897,4;2648261,2
PUESTO HERNÁNDEZ;2008-09;99883,8;2327287,4;2699051,0
PUESTO HERNÁNDEZ;2008-10;101888,7;2341067,9;2710944,0
PUESTO HERNÁNDEZ;2008-11;99579,0;2284192,5;2651499,2
PUESTO HERNÁNDEZ;12/2008;100793,4;2363219,0;2740862,0
PUESTO HERNÁNDEZ;2009-01;97919,7;2333942,7;2693132,0
PUESTO HERNÁNDEZ;2009-02;89337,4;2153008,8;2489719,5
PUESTO HERNÁNDEZ;2009-03;98344,9;2378098,2;2745749,6
PUESTO HERNÁNDEZ;2009-04;92140,9;2296641,8;2659713,0
PUESTO HERNÁNDEZ;05/2009;92598,0;2363850,4;2716331,8
PUESTO HERNÁNDEZ;2009-06;89958,0;2310331,3;2667623,4
PUESTO HERNÁNDEZ;2009-07;80963,8;2180152,6;2512323,0
PUESTO HERNÁNDEZ;2009-08;91222,5;2363673,3;2718735,5
PUESTO HERNÁNDEZ;2009-09;84269,1;2189719,1;2511775,1
PUESTO HERNÁNDEZ;10/2009;89506,9;2303000,6;2639827,4
PUESTO HERNÁNDEZ;2009-11;84218,9;2208565,3;2546430,5
PUESTO HERNÁNDEZ;2009-12;83572,9;2220433,7;2539110,3
PUESTO HERNÁNDEZ;2010-01;82761,5;2239972,7;2565533,9
PUESTO HERNÁNDEZ;2010-02;74161,6;2059242,0;2344159,1
PUESTO HERNÁNDEZ;03/2010;80934,9;2221906,7;2546540,1
PUESTO HERNÁNDEZ;2010-04;77720,7;2148193,2;2477369,8
PUESTO HERNÁNDEZ;2010-05;78648,8;2183171,9;2508293,6
PUESTO HERNÁNDEZ;2010-06;74615,2;2085506,0;2379895,5
PUESTO HERNÁNDEZ;2010-07;76332,4;2182842,0;2478103,7
PUESTO HERNÁNDEZ;08/2010;75392,0;2150064,3;2442693,8
PUESTO HERNÁNDEZ;2010-09;73301,1;2060250,2;2348604,6
PUESTO HERNÁNDEZ;2010-10;74665,1;2129563,6;2418207,3
PUESTO HERNÁNDEZ;2010-11;72023,9;2072135,0;2353236,8
PUESTO HERNÁNDEZ;2010-12;73222,1;2126291,9;2392967,6
PUESTO HERNÁNDEZ;01/2011;70991,9;2076108,9;2304958,5
PUESTO HERNÁNDEZ;2011-02;61683,7;1751457,7;1912356,6
PUESTO HERNÁNDEZ;2011-03;70544,5;2061467,0;2240495,8
PUESTO HERNÁNDEZ;2011-04;66643,7;1981000,9;2149739,7
PUESTO HERNÁNDEZ;2011-05;66837,5;2035851,9;2232994,0
PUESTO HERNÁNDEZ;06/2011;64399,2;1959779,2;2152257,3
PUESTO HERNÁNDEZ;2011-07;66434,1;2023888,5;2216938,9
PUESTO HERNÁNDEZ;2011-08;65506,7;2047095,8;2248189,4
PUESTO HERNÁNDEZ;2011-09;63302,8;1973330,2;2160056,2
PUESTO HERNÁNDEZ;2011-10;63851,2;2030351,5;2236572,7
PUESTO HERNÁNDEZ;11/2011;62360,4;1949358,1;2145190,1
PUESTO HERNÁNDEZ;2011-12;63709,3;1970995,9;2154564,2
PUESTO HERNÁNDEZ;2012-01;61307,6;1902585,1;2103341,2
PUESTO HERNÁNDEZ;2012-02;57351,8;1795513,2;1983906,1
PUESTO HERNÁNDEZ;2012-03;60524,9;1912536,9;2110827,1
PUESTO HERNÁNDEZ;04/2012;57755,5;1807348,6;2007675,8
PUESTO HERNÁNDEZ;2012-05;60522,2;1896755,8;2075555,9
PUESTO HERNÁNDEZ;2012-06;53033,9;1696971,7;1935777,7
PUESTO HERNÁNDEZ;2012-07;60318,1;1908839,1;2079134,6
PUESTO HERNÁNDEZ;2012-08;59767,9;1897560,8;2024651,8
PUESTO HERNÁNDEZ;09/2012;56813,3;1805999,5;1901111,3
PUESTO HERNÁNDEZ;2012-10;57432,8;1834863,9;1989879,9
PUESTO HERNÁNDEZ;2012-11;51583,8;1723910,9;1889490,3
PUESTO HERNÁNDEZ;2012-12;58010,5;1865547,7;2016042,4
PUESTO HERNÁNDEZ;2013-01;54079,4;1782404,5;1929603,1
PUESTO HERNÁNDEZ;02/2013;49138,6;1638048,0;1775055,5
PUESTO HERNÁNDEZ;2013-03;54759,9;1830784,0;1982677,2
PUESTO HERNÁNDEZ;2013-04;51367,8;1745889,6;1895201,7
PUESTO HERNÁNDEZ;2013-05;53022,6;1840013,5;1994748,2
PUESTO HERNÁNDEZ;2013-06;49606,4;1768281,7;1890560,1
PUESTO HERNÁNDEZ;07/2013;51941,8;1863685,4;2015569,1
PUESTO HERNÁNDEZ;2013-08;52522,1;1874412,1;2031871,7
PUESTO HERNÁNDEZ;2013-09;49935,5;1802963,0;1980745,8
PUESTO HERNÁNDEZ;2013-10;50843,5;1873760,0;2062221,4
PUESTO HERNÁNDEZ;2013-11;48784,8;1785808,6;1958917,5
PUESTO HERNÁNDEZ;12/2013;51108,3;1898719,2;2078964,9
PUESTO HERNÁNDEZ;2014-01;50768,2;1902020,8;2089253,0
PUESTO HERNÁNDEZ;2014-02;45986,6;1740217,2;1914746,0
PUESTO HERNÁNDEZ;2014-03;50141,3;1892954,5;2080120,0
PUESTO HERNÁNDEZ;2014-04;43900,6;1724922,8;1890843,0
PUESTO HERNÁNDEZ;05/2014;49011,4;1869881,1;2052751,0
PUESTO HERNÁNDEZ;2014-06;47291,0;1829146,3;2021139,0
PUESTO HERNÁNDEZ;2014-07;47338,6;1874767,2;1963481,0
PUESTO HERNÁNDEZ;2014-08;48745,7;1940279,6;2137447,0
PUESTO HERNÁNDEZ;2014-09;47440,4;1918253,4;2101632,0
PUESTO HERNÁNDEZ;10/2014;48966,6;2002802,0;2187295,0
PUESTO HERNÁNDEZ;2014-11;46774,3;1936775,0;2091575,2
PUESTO HERNÁNDEZ;2014-12;47735,5;1998731,3;2198612,3
PUESTO HERNÁNDEZ;2015-01;47609,2;2033417,2;2226200,2
PUESTO HERNÁNDEZ;2015-02;38518,5;1701091,3;1868394,2
PUESTO HERNÁNDEZ;03/2015;46926,8;2030576,9;2253853,2
PUESTO HERNÁNDEZ;2015-04;45112,7;1974485,5;2183128,3
PUESTO HERNÁNDEZ;2015-05;46927,8;2047809,0;2271123,2
PUESTO HERNÁNDEZ;2015-06;45111,9;1945564,1;2155174,2
PUESTO HERNÁNDEZ;2015-07;46197,6;2017343,9;2236182,2
PUESTO HERNÁNDEZ;08/2015;46115,7;2035448,8;2263376,2
PUESTO HERNÁNDEZ;2015-09;44171,7;1973126,0;2186264,3
PUESTO HERNÁNDEZ;2015-10;45579,0;2030201,5;2232483,2
PUESTO HERNÁNDEZ;2015-11;43065,8;1939366,6;2124080,2
PUESTO HERNÁNDEZ;2015-12;45178,6;2017892,5;2201727,1
PUESTO HERNÁNDEZ;01/2016;44636,1;2029044,4;2195756,2
PUESTO HERNÁNDEZ;2016-02;40796,6;1889771,1;2064327,3
PUESTO HERNÁNDEZ;2016-03;43627,0;2031671,9;2229594,2
PUESTO HERNÁNDEZ;2016-04;42360,7;1978123,9;2171868,3
PUESTO HERNÁNDEZ;2016-05;43140,4;2089747,1;2296036,2
PUESTO HERNÁNDEZ;06/2016;38435,1;1892356,7;2074819,2
PUESTO HERNÁNDEZ;2016-07;42065,0;2064344,2;2281377,2
PUESTO HERNÁNDEZ;2016-08;41831,1;2030779,1;2239472,3
PUESTO HERNÁNDEZ;2016-09;39290,7;1972960,0;2133732,2
PUESTO HERNÁNDEZ;2016-10;39647,2;1960942,2;2126458,3
PUESTO HERNÁNDEZ;11/2016;37987,9;1920265,8;2107192,2
PUESTO HERNÁNDEZ;2016-12;36492,4;1914173,1;2076784,2
PUESTO HERNÁNDEZ;2017-01;39030,9;1980643,2;2181558,2
PUESTO HERNÁNDEZ;2017-02;31416,5;1634535,3;1785339,5
PUESTO HERNÁNDEZ;2017-03;38139,8;1961451,1;2153413,2
PUESTO HERNÁNDEZ;04/2017;32243,2;1671134,8;1828552,3
PUESTO HERNÁNDEZ;2017-05;33111,4;1815053,3;1974072,2
PUESTO HERNÁNDEZ;2017-06;35658,7;1870347,4;2049996,5
PUESTO HERNÁNDEZ;2017-07;37263,1;1911267,2;2085703,2
PUESTO HERNÁNDEZ;2017-08;36553,9;1881051,0;2053763,2
PUESTO HERNÁNDEZ;09/2017;35622,2;1811727,7;1972198,1
PUESTO HERNÁNDEZ;2017-10;36935,0;1887179,5;2064298,2
PUESTO HERNÁNDEZ;2017-11;35647,3;1795544,6;1968655,2
PUESTO HERNÁNDEZ;2017-12;35552,2;1819850,1;1998422,2
PUESTO HERNÁNDEZ;2018-01;35206,2;1839557,1;2005931,1
PUESTO HERNÁNDEZ;02/2018;31663,1;1649484,4;1794625,3
PUESTO HERNÁNDEZ;2018-03;34850,6;1814847,5;1990851,2
PUESTO HERNÁNDEZ;2018-04;33281,1;1758554,5;1916873,2
PUESTO HERNÁNDEZ;2018-05;34778,4;1793566,6;1952127,2
PUESTO HERNÁNDEZ;2018-06;33222,6;1723276,8;1890017,2
PUESTO HERNÁNDEZ;07/2018;33850,5;1784801,8;1952774,2
PUESTO HERNÁNDEZ;2018-08;33017,2;1716469,9;1877608,1
PUESTO HERNÁNDEZ;2018-09;32117,5;1706803,5;1873029,3
PUESTO HERNÁNDEZ;2018-10;32926,2;1741688,8;1904498,1
PUESTO HERNÁNDEZ;2018-11;30824,4;1647450,8;1809082,2
PUESTO HERNÁNDEZ;12/2018;31569,1;1721405,1;1893895,1
PUESTO HERNÁNDEZ;2019-01;32072,4;1720248,5;1891636,1
PUESTO HERNÁNDEZ;2019-02;28352,0;1550054,3;1708281,2
PUESTO HERNÁNDEZ;2019-03;31209,4;1716805,7;1888079,2
PUESTO HERNÁNDEZ;2019-04;30065,8;1655911,9;1819038,2
PUESTO HERNÁNDEZ;05/2019;30445,8;1700942,3;1873355,2
PUESTO HERNÁNDEZ;2019-06;27068,7;1560420,7;1717465,3
PUESTO HERNÁNDEZ;2019-07;28570,1;1625505,6;1798316,2
PUESTO HERNÁNDEZ;2019-08;28671,2;1632708,6;1802548,3
PUESTO HERNÁNDEZ;2019-09;27937,1;1582690,1;1737898,2
PUESTO HERNÁNDEZ;10/2019;27729,3;1595017,6;1764154,3
PUESTO HERNÁNDEZ;2019-11;26669,0;1515217,3;1694672,4
PUESTO HERNÁNDEZ;2019-12;22852,4;1381703,5;1479866,7
PUESTO HERNÁNDEZ;2020-01;25121,8;1499847,4;1597951,2
PUESTO HERNÁNDEZ;2020-02;24207,4;1435328,1;1557268,2
PUESTO HERNÁNDEZ;03/2020;25368,9;1535876,6;1630753,2
PUESTO HERNÁNDEZ;2020-04;11791,6;695068,3;733936,1
PUESTO HERNÁNDEZ;2020-05;5797,3;337265,5;376450,2
PUESTO HERNÁNDEZ;2020-06;16328,9;1185455,7;1220869,2
PUESTO HERNÁNDEZ;2020-07;20486,2;1214119,3;1294562,1
PUESTO HERNÁNDEZ;08/2020;21395,7;1190961,5;1279322,1
PUESTO HERNÁNDEZ;2020-09;19464,3;1103040,9;1182861,0
PUESTO HERNÁNDEZ;2020-10;19809,2;1074768,7;1152822,0
PUESTO HERNÁNDEZ;2020-11;18111,5;999265,8;1074926,2
PUESTO HERNÁNDEZ;2020-12;18857,8;1095275,0;1173269,1
PUESTO HERNÁNDEZ;01/2021;19623,2;1127519,9;1207328,1
PUESTO HERNÁNDEZ;2021-02;17487,4;1017535,2;1073994,1
PUESTO HERNÁNDEZ;2021-03;19665,0;1170924,8;1232066,1
PUESTO HERNÁNDEZ;2021-04;17450,3;1028295,0;1077036,1
PUESTO HERNÁNDEZ;2021-05;19316,8;1154269,3;1199851,1
PUESTO HERNÁNDEZ;06/2021;18568,4;1065200,2;1109513,1
PUESTO HERNÁNDEZ;2021-07;18962,8;1099859,6;1152174,2
PUESTO HERNÁNDEZ;2021-08;18409,0;1084966,1;1138651,1
PUESTO HERNÁNDEZ;2021-09;17206,5;1035727,6;1087412,1
PUESTO HERNÁNDEZ;2021-10;18504,4;1049208,0;1103999,1
PUESTO HERNÁNDEZ;11/2021;17417,7;997720,6;1053584,1
PUESTO HERNÁNDEZ;2021-12;18144,2;1020630,0;1081621,2
PUESTO HERNÁNDEZ;2022-01;17359,1;1017720,5;1072999,1
PUESTO HERNÁNDEZ;2022-02;14948,7;877302,4;927384,1
PUESTO HERNÁNDEZ;2022-03;16899,0;1013484,0;1070183,2
PUESTO HERNÁNDEZ;04/2022;14971,4;904179,9;951833,0
PUESTO HERNÁNDEZ;2022-05;14847,8;935771,2;980024,1
PUESTO HERNÁNDEZ;2022-06;14698,6;923082,3;971110,1
PUESTO HERNÁNDEZ;2022-07;16035,3;983057,9;1030176,1
PUESTO HERNÁNDEZ;2022-08;15589,0;987228,4;1044229,1
PUESTO HERNÁNDEZ;09/2022;14731,9;923768,6;977990,1
PUESTO HERNÁNDEZ;2022-10;16154,8;984615,5;1047616,1
PUESTO HERNÁNDEZ;2022-11;15048,9;925814,4;971969,1
PUESTO HERNÁNDEZ;2022-12;15595,9;927281,1;979573,2
PUESTO HERNÁNDEZ;2023-01;14719,5;928730,1;985682,1
PUESTO HERNÁNDEZ;02/2023;13786,6;861028,4;889182,1
PUESTO HERNÁNDEZ;2023-03;14824,7;927341,5;984928,2
PUESTO HERNÁNDEZ;2023-04;14720,8;971574,4;1026071,1
PUESTO HERNÁNDEZ;2023-05;14983,6;982873,8;1034517,1
PUESTO HERNÁNDEZ;2023-06;13654,1;944713,3;993303,1
PUESTO HERNÁNDEZ;07/2023;14329,8;973360,1;1009891,1
PUESTO HERNÁNDEZ;2023-08;14358,0;938771,6;961530,1
PUESTO HERNÁNDEZ;2023-09;13834,7;904596,7;934944,1
PUESTO HERNÁNDEZ;2023-10;13992,3;920596,8;950132,2
PUESTO HERNÁNDEZ;2023-11;13882,3;900697,7;924276,1
PUESTO HERNÁNDEZ;12/2023;14220,0;941881,5;967290,2
PUESTO HERNÁNDEZ;2024-01;14452,4;947575,7;959685,1
PUESTO HERNÁNDEZ;2024-02;13088,8;800525,7;838592,2
PUESTO HERNÁNDEZ;2024-03;13412,9;862636,3;899153,1
PUESTO HERNÁNDEZ;2024-04;13462,9;880161,9;927849,1
PUESTO HERNÁNDEZ;05/2024;13397,0;891363,9;933652,1
PUESTO HERNÁNDEZ;2024-06;13155,4;859512,1;911788,1
PUESTO HERNÁNDEZ;2024-07;13619,7;898469,4;944341,1
PUESTO HERNÁNDEZ;2024-08;13560,3;877743,0;929947,1
PUESTO HERNÁNDEZ;2024-09;13059,4;816460,1;874584,1
PUESTO HERNÁNDEZ;10/2024;12748,5;797709,7;855384,1
PUESTO HERNÁNDEZ;2024-11;12194,8;773800,2;850479,0
PUESTO HERNÁNDEZ;2024-12;11513,0;765113,4;846271,1
PUESTO HERNÁNDEZ;2025-01;12191,7;738084,4;837215,1
PUESTO HERNÁNDEZ;2025-02;11510,5;696128,1;766541,1
PUESTO HERNÁNDEZ;03/2025;12455,1;749175,6;843711,0
PUESTO HERNÁNDEZ;2025-04;12165,9;710072,2;807350,1
PUESTO HERNÁNDEZ;2025-05;12295,5;725204,3;818118,1
PUESTO HERNÁNDEZ;2025-06;11125,4;685526,4;771442,1
PUESTO HERNÁNDEZ;2025-07;11410,9;692681,5;793048,0
PUESTO HERNÁNDEZ;08/2025;11774,5;661845,9;763662,1
PUESTO HERNÁNDEZ;2025-09;10356,9;643910,6;711533,0
PUESTO HERNÁNDEZ;2025-10;10950,9;703946,0;760440,1
PUESTO HERNÁNDEZ;2025-11;10569,8;673703,7;727578,0
PUESTO HERNÁNDEZ;2025-12;10741,7;704647,6;754299,1
PUESTO HERNÁNDEZ;01/2026;10500,5;696705,6;723571,1
PUESTO HERNÁNDEZ;2026-02;9107,1;617264,6;630843,1
PUESTO HERNÁNDEZ;2026-03;9810,6;666623,7;711288,1
PUESTO HERNÁNDEZ;2026-04;9668,4;647424,8;692907,1
PUESTO HERNÁNDEZ;2026-05;9707,0;664149,4;682635,1
PUESTO HERNÁNDEZ;06/2026;9131,6;608366,6;623238,1
PUESTO HERNÁNDEZ;2026-07;10175,5;630163,1;658934,1
LOS PERALES;2006-01;82115,0;2729834,8;513473,0
LOS PERALES;2006-02;56041,4;1879031,2;280689,0
LOS PERALES;2006-03;106210,5;3651524,5;643498,0
LOS PERALES;04/2006;102058,2;3531733,4;607353,0
LOS PERALES;2006-05;102746,9;3612645,4;629521,0
LOS PERALES;2006-06;98351,2;3443902,6;612462,0
LOS PERALES;2006-07;102302,0;3491727,7;632109,0
LOS PERALES;2006-08;100791,2;3472138,8;631760,0
LOS PERALES;09/2006;101729,1;3329237,1;608500,0
LOS PERALES;2006-10;103796,3;3455209,8;678256,0
LOS PERALES;2006-11;89872,5;3142222,4;566348,0
LOS PERALES;2006-12;106262,0;3526724,2;663480,0
LOS PERALES;2007-01;104697,2;3588806,4;616923,0
LOS PERALES;02/2007;90901,1;3034910,3;482110,0
LOS PERALES;2007-03;98367,4;2881063,0;408515,0
LOS PERALES;2007-04;90267,3;2780203,6;405168,0
LOS PERALES;2007-05;92315,7;2979553,7;415786,0
LOS PERALES;2007-06;88240,5;2917831,3;422345,0
LOS PERALES;07/2007;80451,5;2825539,2;425290,7
LOS PERALES;2007-08;89829,4;3210069,9;468598,0
LOS PERALES;2007-09;86531,9;3030228,1;461918,0
LOS PERALES;2007-10;93319,5;3154364,9;480597,0
LOS PERALES;2007-11;75207,3;2487559,3;351355,0
LOS PERALES;12/2007;90087,5;3135144,5;472905,0
LOS PERALES;2008-01;91825,8;3199876,6;437541,0
LOS PERALES;2008-02;85037,7;3011166,9;385903,0
LOS PERALES;2008-03;89029,6;3176093,0;404324,0
LOS PERALES;2008-04;83991,4;3098428,4;408997,0
LOS PERALES;05/2008;5857,4;296006,2;62581,0
LOS PERALES;2008-06;54418,0;1734804,8;229666,0
LOS PERALES;2008-07;82282,9;3037679,7;429600,0
LOS PERALES;2008-08;80884,6;2927492,4;485064,0
LOS PERALES;2008-09;83026,2;3071822,6;479395,0
LOS PERALES;10/2008;86102,4;3194119,6;465889,0
LOS PERALES;2008-11;84871,6;3084986,5;445558,0
LOS PERALES;2008-12;79471,4;3007116,3;434693,0
LOS PERALES;2009-01;82432,8;3088269,8;420821,0
LOS PERALES;2009-02;73998,3;2767105,0;386830,0
LOS PERALES;03/2009;78691,6;3011319,7;425294,0
LOS PERALES;2009-04;74906,0;2651119,9;379470,0
LOS PERALES;2009-05;77519,2;2734700,6;369435,0
LOS PERALES;2009-06;54035,0;2034135,2;263116,0
LOS PERALES;08/2009;18588,9;771277,9;106879,0
LOS PERALES;2009-09;73307,7;2716871,6;366615,0
LOS PERALES;2009-10;75574,6;2922388,9;483375,0
LOS PERALES;2009-11;62488,1;2414674,3;413377,5
LOS PERALES;2009-12;65384,5;2513552,5;386214,0
LOS PERALES;01/2010;74249,6;2962235,4;519397,0
LOS PERALES;2010-02;66640,0;2743496,3;471809,0
LOS PERALES;2010-03;71013,0;3205556,3;576729,2
LOS PERALES;2010-04;67691,4;3156619,8;556239,0
LOS PERALES;2010-05;71143,5;3302392,2;585367,0
LOS PERALES;06/2010;66430,4;2880327,7;568121,1
LOS PERALES;2010-07;66498,3;2770853,8;517632,0
LOS PERALES;2010-08;65673,9;2885848,3;577015,1
LOS PERALES;2010-09;65663,4;3166945,7;535794,0
LOS PERALES;2010-10;69102,6;3340309,0;536364,0
LOS PERALES;11/2010;61306,3;3027628,6;487216,0
LOS PERALES;2010-12;26483,8;1262183,0;213024,0
LOS PERALES;2011-01;64184,3;3165463,2;560043,0
LOS PERALES;2011-03;66423,8;3213385,2;567586,0
LOS PERALES;04/2011;2685,4;69961,4;24551,0
LOS PERALES;2011-05;19576,9;1166821,4;133273,0
LOS PERALES;2011-06;8094,0;463295,3;50608,0
LOS PERALES;2011-07;30087,3;1364037,5;227109,0
LOS PERALES;2011-08;66638,1;3172022,2;536563,5
LOS PERALES;09/2011;63996,5;3251921,6;553679,3
LOS PERALES;2011-10;67971,3;3385971,7;565800,2
LOS PERALES;2011-11;66492,1;3409242,1;521242,9
LOS PERALES;2011-12;68289,1;3540232,2;595756,3
LOS PERALES;2012-01;67494,2;3553256,5;613132,8
LOS PERALES;02/2012;62560,7;3346653,5;567423,3
LOS PERALES;2012-03;66884,4;3592126,2;619679,4
LOS PERALES;2012-04;63504,4;3438514,2;580786,7
LOS PERALES;2012-05;65952,0;3838919,0;600136,8
LOS PERALES;2012-06;62178,6;3787050,8;588137,2
LOS PERALES;07/2012;62458,2;3584687,2;611740,2
LOS PERALES;2012-08;64687,1;3674684,2;654536,5
LOS PERALES;2012-09;62230,7;3393435,2;609264,6
LOS PERALES;2012-10;65419,2;3492174,3;604791,6
LOS PERALES;2012-11;61373,2;3415645,1;559788,1
LOS PERALES;12/2012;64737,6;3723038,3;586571,6
LOS PERALES;2013-01;63803,2;3709819,0;601789,8
LOS PERALES;2013-02;58575,7;3256666,6;544972,2
LOS PERALES;2013-03;66310,2;3746969,1;601760,0
LOS PERALES;2013-04;60840,6;3776438,1;572996,3
LOS PERALES;05/2013;64773,7;4196924,4;596838,6
LOS PERALES;2013-06;63199,1;4128010,2;608155,5
LOS PERALES;2013-07;64422,3;4293465,9;634713,3
LOS PERALES;2013-08;65217,6;4316216,7;648878,8
LOS PERALES;2013-09;63072,4;4156326,3;624128,9
LOS PERALES;10/2013;64636,4;4440264,8;670672,9
LOS PERALES;2013-11;62828,7;4296442,2;716631,2
LOS PERALES;2013-12;64679,4;4427068,8;758363,2
LOS PERALES;2014-01;64280,7;4254370,4;746469,1
LOS PERALES;2014-02;58499,7;3839543,6;678996,2
LOS PERALES;03/2014;65742,4;4447576,7;786366,5
LOS PERALES;2014-04;61876,3;4304208,3;773683,2
LOS PERALES;2014-05;61884,5;4514687,6;831687,7
LOS PERALES;2014-06;58540,5;4414174,1;818754,4
LOS PERALES;2014-07;60323,8;4726137,5;906736,5
LOS PERALES;08/2014;61524,9;4816891,7;930563,4
LOS PERALES;2014-09;60147,4;4735468,4;908266,8
LOS PERALES;2014-10;62850,6;4975916,1;896309,4
LOS PERALES;2014-11;61292,6;4790311,1;848517,8
LOS PERALES;2014-12;62863,9;4984033,1;867743,8
LOS PERALES;01/2015;62390,4;5085550,5;831243,1
LOS PERALES;2015-02;56078,4;4503544,6;736239,4
LOS PERALES;2015-03;61666,3;5099526,4;794919,2
LOS PERALES;2015-04;59914,3;4960820,6;781172,1
LOS PERALES;2015-05;61011,9;5092013,9;807323,1
LOS PERALES;06/2015;58436,8;4933140,5;802440,4
LOS PERALES;2015-07;62092,5;4578112,1;837277,9
LOS PERALES;2015-08;63270,2;4678458,3;861963,3
LOS PERALES;2015-09;61879,1;5654920,2;873496,8
LOS PERALES;2015-10;63417,1;5610346,9;960952,3
LOS PERALES;11/2015;59995,6;5564639,5;929557,2
LOS PERALES;2015-12;63287,5;5683912,4;933757,7
LOS PERALES;2016-01;64190,1;5764938,2;929308,5
LOS PERALES;2016-02;58446,1;5427740,8;862503,3
LOS PERALES;2016-03;63028,8;5924702,9;952517,5
LOS PERALES;04/2016;59548,3;5954726,6;920233,0
LOS PERALES;2016-05;51297,7;5509174,2;848599,8
LOS PERALES;2016-06;53665,4;5417980,3;825871,2
LOS PERALES;2016-07;60095,3;5564095,5;946837,4
LOS PERALES;2016-08;59719,1;5673319,7;942202,3
LOS PERALES;09/2016;60033,5;5464496,5;925423,0
LOS PERALES;2016-10;62718,1;5588328,2;950858,9
LOS PERALES;2016-11;58513,7;5480692,7;908858,5
LOS PERALES;2016-12;60233,8;5653704,3;935243,3
LOS PERALES;2017-01;59110,7;5636373,4;962761,4
LOS PERALES;02/2017;53786,0;5159472,6;880156,0
LOS PERALES;2017-03;58579,1;5555197,3;959063,6
LOS PERALES;2017-04;55489,8;5349329,0;893789,9
LOS PERALES;2017-05;58279,2;5496951,2;955306,7
LOS PERALES;2017-06;54081,2;5279338,6;925673,1
LOS PERALES;07/2017;55266,0;5670944,7;932150,2
LOS PERALES;2017-08;54491,0;5564808,7;904654,9
LOS PERALES;2017-09;54121,9;5191010,9;877686,9
LOS PERALES;2017-10;56344,8;5436784,9;899812,9
LOS PERALES;2017-11;55457,0;5119356,9;863888,8
LOS PERALES;12/2017;56880,6;5386436,3;926472,6
LOS PERALES;2018-01;55024,0;5340160,3;928821,9
LOS PERALES;2018-02;49324,7;4942572,0;831277,5
LOS PERALES;2018-03;55029,4;5326950,5;889553,7
LOS PERALES;2018-04;52449,0;5012236,6;859800,4
LOS PERALES;05/2018;53098,2;5236181,8;899006,3
LOS PERALES;2018-06;50175,6;4995532,1;867662,5
LOS PERALES;2018-07;50119,1;5154255,9;849893,7
LOS PERALES;2018-08;50268,3;5314660,9;879208,0
LOS PERALES;2018-09;49698,4;5135277,6;844524,6
LOS PERALES;10/2018;50584,3;5370232,5;873150,6
LOS PERALES;2018-11;49371,1;5284442,1;857135,8
LOS PERALES;2018-12;50416,9;5517189,3;910660,8
LOS PERALES;2019-01;50044,6;5498988,5;915471,3
LOS PERALES;2019-02;45421,9;4989855,0;846709,0
LOS PERALES;03/2019;50351,6;5443030,0;930549,1
LOS PERALES;2019-04;48538,6;5099228,3;878750,3
LOS PERALES;2019-05;48416,6;5264950,1;909706,4
LOS PERALES;2019-06;47562,3;5103675,8;878427,2
LOS PERALES;2019-07;48380,9;5441222,3;924486,8
LOS PERALES;08/2019;49747,9;5515547,6;930289,2
LOS PERALES;2019-09;48145,3;5358890,7;881620,6
LOS PERALES;2019-10;48659,3;5444757,2;847997,6
LOS PERALES;2019-11;45598,5;5090266,6;824965,3
LOS PERALES;2019-12;46554,1;5240085,8;853996,9
LOS PERALES;01/2020;46129,5;5301774,9;848880,3
LOS PERALES;2020-02;42992,2;4885648,1;801265,3
LOS PERALES;2020-03;45584,1;5210430,1;886806,5
LOS PERALES;2020-04;43201,4;5102257,5;853342,0
LOS PERALES;2020-05;41046,9;4913418,8;802447,7
LOS PERALES;06/2020;41920,1;4854667,0;807756,8
LOS PERALES;2020-07;41000,4;4919823,7;831602,7
LOS PERALES;2020-08;41211,1;4896696,7;814419,0
LOS PERALES;2020-09;41182,1;4909529,8;816843,4
LOS PERALES;2020-10;42962,6;4838134,3;814208,9
LOS PERALES;11/2020;39760,9;4710486,6;759937,0
LOS PERALES;2020-12;42044,5;4812719,7;760731,5
LOS PERALES;2021-01;41858,8;4678925,6;763561,3
LOS PERALES;2021-02;36905,7;4084712,5;678399,3
LOS PERALES;2021-03;41885,7;4560220,7;746938,0
LOS PERALES;04/2021;40583,9;4324131,2;724438,9
LOS PERALES;2021-05;40799,8;4440507,0;749267,5
LOS PERALES;2021-06;38701,1;4421292,9;731615,3
LOS PERALES;2021-07;40178,2;4424255,4;748789,9
LOS PERALES;2021-08;39881,8;4312260,5;715021,2
LOS PERALES;09/2021;38181,7;4632384,9;745334,8
LOS PERALES;2021-10;36333,8;4354107,8;708782,0
LOS PERALES;2021-11;37521,2;4500929,9;735092,1
LOS PERALES;2021-12;40361,1;4607846,5;763318,5
LOS PERALES;2022-01;39246,2;4581703,5;756511,1
LOS PERALES;02/2022;35438,0;4166761,0;679004,2
LOS PERALES;2022-03;38916,6;4603904,7;752975,9
LOS PERALES;2022-04;37445,3;4328186,9;715523,5
LOS PERALES;2022-05;38823,2;4588865,7;769849,9
LOS PERALES;2022-06;37109,9;4313861,2;726974,0
LOS PERALES;07/2022;37416,8;4431660,4;758381,9
LOS PERALES;2022-08;37810,8;4684312,2;797946,7
LOS PERALES;2022-09;37448,7;4581241,2;769748,2
LOS PERALES;2022-10;38740,8;4817625,8;788468,4
LOS PERALES;2022-11;37768,8;4532321,7;749369,3
LOS PERALES;12/2022;38909,8;4664684,2;762397,0
LOS PERALES;2023-01;38963,0;4824335,7;772277,1
LOS PERALES;2023-02;35413,8;4301585,4;689120,0
LOS PERALES;2023-03;38588,1;4695589,2;751392,7
LOS PERALES;2023-04;38685,8;4633724,0;742804,0
LOS PERALES;05/2023;40010,4;4883445,4;787975,8
LOS PERALES;2023-06;38971,1;4559370,4;750179,2
LOS PERALES;2023-07;38920,4;4683246,1;765323,0
LOS PERALES;2023-08;38589,4;4583223,8;742752,9
LOS PERALES;2023-09;37050,3;4480539,7;729206,9
LOS PERALES;10/2023;39073,0;4623523,8;750128,1
LOS PERALES;2023-11;37611,7;4574060,8;730113,8
LOS PERALES;2023-12;37910,5;4673502,5;746754,1
LOS PERALES;2024-01;38261,8;4765455,0;764699,8
LOS PERALES;2024-02;35057,7;4352101,3;689243,6
LOS PERALES;03/2024;37857,5;4550272,8;739402,1
LOS PERALES;2024-04;35800,2;4152965,0;720122,3
LOS PERALES;2024-05;36531,7;4286959,1;741713,9
LOS PERALES;2024-06;32612,7;3983007,7;702955,6
LOS PERALES;2024-07;29260,8;3626015,6;644705,1
LOS PERALES;08/2024;33630,8;4090292,2;731421,9
LOS PERALES;2024-09;33142,0;4055032,8;725313,6
LOS PERALES;2024-10;34416,7;4251230,5;746233,2
LOS PERALES;2024-11;33458,7;4138635,6;719797,9
LOS PERALES;2024-12;33999,8;4193614,7;730331,8
LOS PERALES;01/2025;33176,7;4065920,4;725072,0
LOS PERALES;2025-02;29601,0;3714126,3;668104,8
LOS PERALES;2025-03;32604,4;4262807,5;730261,8
LOS PERALES;2025-04;30553,8;4169126,6;697081,2
LOS PERALES;2025-05;32581,9;4277344,5;726149,4
LOS PERALES;06/2025;29681,8;4210826,1;692142,8
LOS PERALES;2025-07;29363,7;4173644,6;707112,4
LOS PERALES;2025-08;29656,3;4035943,9;682196,1
LOS PERALES;2025-09;26925,6;3834708,0;634407,0
LOS PERALES;2025-10;29143,3;3958347,3;648878,1
LOS PERALES;11/2025;27612,3;3946058,9;626597,8
LOS PERALES;2025-12;27941,9;4075996,1;689982,5
LOS PERALES;2026-01;28172,9;4128705,9;704529,6
LOS PERALES;2026-02;25188,2;3680611,7;623431,6
LOS PERALES;2026-03;27722,2;4059522,5;691784,0
LOS PERALES;2026-05;27339,8;4069465,4;694421,5
LOS PERALES;2026-06;26137,3;3894785,1;661041,3
LOS PERALES;2026-07;25349,5;3887236,0;663853,9
MANANTIALES BEHR;2006-01;75885,5;253704,6;260823,0
MANANTIALES BEHR;02/2006;68626,5;226337,5;233644,0
MANANTIALES BEHR;2006-03;78046,1;239640,0;248129,0
MANANTIALES BEHR;2006-04;75749,2;235121,4;240997,0
MANANTIALES BEHR;2006-05;80787,1;240347,2;250907,0
MANANTIALES BEHR;2006-06;76556,1;233857,0;243695,0
MANANTIALES BEHR;07/2006;82333,6;235120,9;244961,0
MANANTIALES BEHR;2006-08;80948,3;231235,6;240863,0
MANANTIALES BEHR;2006-09;77530,1;216525,8;225587,0
MANANTIALES BEHR;2006-10;80660,0;225320,8;233889,0
MANANTIALES BEHR;2006-11;67403,1;194796,5;197487,1
MANANTIALES BEHR;12/2006;80671,0;235863,0;241133,0
MANANTIALES BEHR;2007-01;81465,6;230773,1;239359,0
MANANTIALES BEHR;2007-02;74538,4;191626,4;198881,0
MANANTIALES BEHR;2007-03;81104,4;233509,0;243042,0
MANANTIALES BEHR;2007-04;79370,1;237359,2;242721,0
MANANTIALES BEHR;05/2007;82200,4;250132,6;255750,0
MANANTIALES BEHR;2007-06;79692,1;238006,1;240533,0
MANANTIALES BEHR;2007-07;68848,6;219280,2;231402,0
MANANTIALES BEHR;2007-08;80312,7;227731,0;232189,0
MANANTIALES BEHR;2007-09;80886,5;214913,8;218271,0
MANANTIALES BEHR;10/2007;84618,4;240487,0;247253,0
MANANTIALES BEHR;2007-11;59792,1;170314,2;173599,0
MANANTIALES BEHR;2007-12;82883,1;224854,8;229904,0
MANANTIALES BEHR;2008-01;79097,5;220073,6;223673,0
MANANTIALES BEHR;2008-02;78113,9;196964,0;198913,0
MANANTIALES BEHR;03/2008;82602,5;243084,6;248128,0
MANANTIALES BEHR;2008-04;77920,4;249544,2;254435,1
MANANTIALES BEHR;2008-05;65650,0;191369,6;197826,0
MANANTIALES BEHR;2008-06;74507,4;248019,4;253138,1
MANANTIALES BEHR;2008-07;75894,5;236258,1;240795,0
MANANTIALES BEHR;08/2008;80549,6;250231,7;255452,0
MANANTIALES BEHR;2008-09;79078,2;251332,2;254823,1
MANANTIALES BEHR;2008-10;82506,0;249941,1;254761,1
MANANTIALES BEHR;2008-11;78442,8;241756,9;246934,0
MANANTIALES BEHR;2008-12;81717,9;252127,2;257435,0
MANANTIALES BEHR;01/2009;83516,2;248817,8;254230,0
MANANTIALES BEHR;2009-02;77839,6;224845,9;231336,0
MANANTIALES BEHR;2009-03;87120,4;249388,4;254567,1
MANANTIALES BEHR;2009-04;84153,5;240230,8;243548,0
MANANTIALES BEHR;2009-05;87327,5;271953,2;273095,0
MANANTIALES BEHR;06/2009;82616,2;273193,7;273785,2
MANANTIALES BEHR;2009-07;85206,9;278457,8;278307,0
MANANTIALES BEHR;2009-08;86081,3;276847,5;277812,0
MANANTIALES BEHR;2009-09;76310,3;257507,9;259538,0
MANANTIALES BEHR;2009-10;85438,8;272525,1;273324,0
MANANTIALES BEHR;11/2009;74229,8;231990,9;233092,0
MANANTIALES BEHR;2009-12;77669,4;235862,2;237430,6
MANANTIALES BEHR;2010-01;91919,8;275173,0;277763,0
MANANTIALES BEHR;2010-02;80256,1;243720,7;245958,0
MANANTIALES BEHR;2010-03;88741,6;263859,3;264958,0
MANANTIALES BEHR;04/2010;85515,9;246429,3;248440,0
MANANTIALES BEHR;2010-05;88824,8;253671,2;255544,0
MANANTIALES BEHR;2010-06;86227,5;256670,8;258094,0
MANANTIALES BEHR;2010-07;90027,8;261605,3;272696,0
MANANTIALES BEHR;2010-08;93425,4;268041,3;269501,0
MANANTIALES BEHR;09/2010;71272,1;214313,7;215829,0
MANANTIALES BEHR;2010-10;94111,9;282310,5;283754,0
MANANTIALES BEHR;2010-11;91775,4;263521,9;265088,0
MANANTIALES BEHR;2010-12;36359,9;80642,9;80993,0
MANANTIALES BEHR;2011-01;96370,5;254997,5;256648,0
MANANTIALES BEHR;02/2011;90195,6;253989,7;255937,0
MANANTIALES BEHR;2011-03;99578,0;277087,5;279322,0
MANANTIALES BEHR;2011-04;97599,4;262194,2;263360,0
MANANTIALES BEHR;2011-05;41750,7;103735,8;104304,0
MANANTIALES BEHR;2011-06;90321,5;222877,6;224302,0
MANANTIALES BEHR;07/2011;93220,2;246482,8;247971,0
MANANTIALES BEHR;2011-08;94998,8;241917,9;243375,0
MANANTIALES BEHR;2011-09;95183,6;232867,0;234213,0
MANANTIALES BEHR;2011-10;100295,1;260095,9;261565,0
MANANTIALES BEHR;2011-11;92994,8;243506,0;244878,0
MANANTIALES BEHR;12/2011;95203,1;251234,8;252858,0
MANANTIALES BEHR;2012-01;92886,8;252661,2;253588,0
MANANTIALES BEHR;2012-02;82437,5;222067,6;223718,0
MANANTIALES BEHR;2012-03;90793,3;247089,0;248291,0
MANANTIALES BEHR;2012-04;87925,4;247877,6;249099,0
MANANTIALES BEHR;05/2012;95554,5;270615,7;272891,0
MANANTIALES BEHR;2012-06;91743,4;258330,1;259876,0
MANANTIALES BEHR;2012-07;89298,2;240216,6;241790,0
MANANTIALES BEHR;2012-08;92061,2;246188,7;248098,0
MANANTIALES BEHR;2012-09;90196,0;260146,3;263202,0
MANANTIALES BEHR;10/2012;90624,5;265103,2;269704,8
MANANTIALES BEHR;2012-11;87148,3;259103,1;261702,0
MANANTIALES BEHR;2012-12;89439,9;280334,6;284347,0
MANANTIALES BEHR;2013-01;88265,2;301220,3;303918,8
MANANTIALES BEHR;2013-02;80382,2;284725,3;289014,0
MANANTIALES BEHR;03/2013;87870,0;297656,8;301390,0
MANANTIALES BEHR;2013-04;87424,9;300354,8;301243,0
MANANTIALES BEHR;2013-05;91167,6;307670,8;311111,0
MANANTIALES BEHR;2013-06;90059,8;286152,2;289850,0
MANANTIALES BEHR;2013-07;93390,1;289023,6;292570,0
MANANTIALES BEHR;2013-09;94277,8;289655,8;294596,0
MANANTIALES BEHR;2013-10;97600,1;303731,1;308572,2
MANANTIALES BEHR;2013-11;96637,3;305209,6;311796,0
MANANTIALES BEHR;2013-12;97745,8;336234,7;350835,0
MANANTIALES BEHR;01/2014;97977,0;353106,7;367696,0
MANANTIALES BEHR;2014-02;89548,3;316364,0;328871,0
MANANTIALES BEHR;2014-03;100261,8;366314,5;374979,0
MANANTIALES BEHR;2014-04;96914,4;358253,7;363430,0
MANANTIALES BEHR;2014-05;101630,1;399615,6;402712,0
MANANTIALES BEHR;06/2014;96920,3;386053,0;389088,0
MANANTIALES BEHR;2014-07;101505,6;415380,6;420081,0
MANANTIALES BEHR;2014-08;100088,6;438527,6;442384,0
MANANTIALES BEHR;2014-09;94701,1;435713,6;438882,0
MANANTIALES BEHR;2014-10;100564,9;422746,2;424847,0
MANANTIALES BEHR;11/2014;98068,1;416769,4;418764,0
MANANTIALES BEHR;2014-12;97929,2;442686,5;448337,0
MANANTIALES BEHR;2015-01;97301,8;440072,6;444781,0
MANANTIALES BEHR;2015-02;89573,9;405633,5;411521,0
MANANTIALES BEHR;2015-03;100097,2;462226,5;469442,0
MANANTIALES BEHR;04/2015;95587,4;448432,5;453934,0
MANANTIALES BEHR;2015-05;101860,3;486819,6;493862,8
MANANTIALES BEHR;2015-06;96839,6;479388,2;482439,9
MANANTIALES BEHR;2015-07;100364,0;489288,0;494893,5
MANANTIALES BEHR;2015-08;100834,9;470952,2;476272,2
MANANTIALES BEHR;09/2015;97835,4;473304,0;478976,0
MANANTIALES BEHR;2015-10;100157,0;492739,4;504182,0
MANANTIALES BEHR;2015-11;95913,3;464134,5;475329,0
MANANTIALES BEHR;2015-12;98173,2;488490,1;496968,0
MANANTIALES BEHR;2016-01;97520,3;488614,8;494548,0
MANANTIALES BEHR;02/2016;93827,9;462979,6;467600,8
MANANTIALES BEHR;2016-03;101919,6;520729,2;529109,0
MANANTIALES BEHR;2016-04;98162,9;509240,6;515701,9
MANANTIALES BEHR;2016-05;90996,9;461198,9;470327,4
MANANTIALES BEHR;2016-06;98124,9;495338,8;503394,9
MANANTIALES BEHR;07/2016;100710,6;524622,8;533874,8
MANANTIALES BEHR;2016-08;103702,6;540952,5;546605,8
MANANTIALES BEHR;2016-09;96289,1;520039,9;526915,5
MANANTIALES BEHR;2016-10;100100,6;540762,4;547312,3
MANANTIALES BEHR;2016-11;94748,2;500430,9;499031,2
MANANTIALES BEHR;12/2016;96562,3;507687,6;514255,0
MANANTIALES BEHR;2017-01;98470,7;519035,0;525919,0
MANANTIALES BEHR;2017-02;88773,2;468487,0;477575,0
MANANTIALES BEHR;2017-03;96193,7;515975,9;525568,2
MANANTIALES BEHR;2017-04;82847,6;445828,1;453243,0
MANANTIALES BEHR;05/2017;94307,6;501655,5;506096,7
MANANTIALES BEHR;2017-06;62579,6;334045,6;336238,7
MANANTIALES BEHR;2017-07;79552,0;406623,1;415951,0
MANANTIALES BEHR;2017-08;88968,4;469154,7;468113,0
MANANTIALES BEHR;2017-09;89405,2;471271,3;471200,0
MANANTIALES BEHR;10/2017;95221,3;493613,5;496883,0
MANANTIALES BEHR;2017-11;94949,3;490024,1;483088,1
MANANTIALES BEHR;2017-12;97535,2;502535,1;504436,0
MANANTIALES BEHR;2018-01;98871,5;498640,2;492272,4
MANANTIALES BEHR;2018-02;88954,4;486690,0;476151,0
MANANTIALES BEHR;03/2018;99780,2;572275,2;552002,0
MANANTIALES BEHR;2018-04;95828,6;533788,0;533691,7
MANANTIALES BEHR;2018-05;99957,6;556021,8;560768,1
MANANTIALES BEHR;2018-06;97893,7;555219,8;562781,4
MANANTIALES BEHR;2018-07;103990,8;590208,0;590256,6
MANANTIALES BEHR;08/2018;101682,9;589898,8;589088,8
MANANTIALES BEHR;2018-09;100410,9;574437,7;573782,4
MANANTIALES BEHR;2018-10;103357,9;572803,7;573615,3
MANANTIALES BEHR;2018-11;97946,6;565451,8;567037,1
MANANTIALES BEHR;2018-12;99677,1;576781,5;572308,6
MANANTIALES BEHR;01/2019;99060,5;611590,1;615326,6
MANANTIALES BEHR;2019-02;90079,5;534885,3;537806,0
MANANTIALES BEHR;2019-03;99501,6;603459,9;601914,5
MANANTIALES BEHR;2019-04;95686,1;608668,1;609666,4
MANANTIALES BEHR;2019-05;97712,4;636169,5;634954,2
MANANTIALES BEHR;06/2019;92329,3;617946,5;619651,0
MANANTIALES BEHR;2019-07;97093,8;636063,3;634455,3
MANANTIALES BEHR;2019-08;98549,1;633896,6;630001,5
MANANTIALES BEHR;2019-09;94550,5;591707,3;592879,5
MANANTIALES BEHR;2019-10;97349,5;621251,1;619110,8
MANANTIALES BEHR;11/2019;95880,3;609366,4;609492,3
MANANTIALES BEHR;2019-12;102004,4;634626,9;632145,9
MANANTIALES BEHR;2020-01;103942,5;645545,6;648693,8
MANANTIALES BEHR;2020-02;94983,9;591206,5;594344,4
MANANTIALES BEHR;2020-03;103796,6;643706,7;643630,0
MANANTIALES BEHR;04/2020;101155,2;629492,2;631335,5
MANANTIALES BEHR;2020-05;106005,9;656279,7;653991,0
MANANTIALES BEHR;2020-06;101673,9;626796,8;627369,2
MANANTIALES BEHR;2020-07;100483,7;622191,6;620471,4
MANANTIALES BEHR;2020-08;105310,6;633383,0;634316,9
MANANTIALES BEHR;09/2020;104963,2;613601,3;612670,5
MANANTIALES BEHR;2020-10;110357,7;630712,6;632558,9
MANANTIALES BEHR;2020-11;106283,6;602823,2;602055,8
MANANTIALES BEHR;2020-12;116158,9;608237,0;612451,9
MANANTIALES BEHR;2021-01;118663,7;634521,8;639616,3
MANANTIALES BEHR;02/2021;108307,2;576404,4;578673,4
MANANTIALES BEHR;2021-03;118280,1;647228,2;649330,3
MANANTIALES BEHR;2021-04;117548,8;593871,8;598220,4
MANANTIALES BEHR;2021-05;119953,4;623464,3;623318,2
MANANTIALES BEHR;2021-06;114820,3;590603,6;592023,9
MANANTIALES BEHR;07/2021;117855,9;622336,5;621298,2
MANANTIALES BEHR;2021-08;118307,0;638783,9;640013,0
MANANTIALES BEHR;2021-09;115998,4;603577,1;600945,1
MANANTIALES BEHR;2021-10;116413,4;619424,3;616307,6
MANANTIALES BEHR;2021-11;115890,7;618252,0;615874,9
MANANTIALES BEHR;12/2021;111109,6;592190,0;591121,2
MANANTIALES BEHR;2022-01;120415,8;627406,6;626700,2
MANANTIALES BEHR;2022-02;112105,2;582329,1;581929,2
MANANTIALES BEHR;2022-03;124268,0;643950,5;644281,6
MANANTIALES BEHR;2022-04;123616,6;607554,4;597427,3
MANANTIALES BEHR;05/2022;129382,7;642310,8;627903,1
MANANTIALES BEHR;2022-06;125775,8;624389,2;620079,1
MANANTIALES BEHR;2022-07;127378,3;609403,4;606919,1
MANANTIALES BEHR;2022-08;126358,1;613904,0;609158,3
MANANTIALES BEHR;2022-09;122373,9;612570,1;594646,4
MANANTIALES BEHR;10/2022;131156,2;648024,0;627282,5
MANANTIALES BEHR;2022-11;121493,5;644349,4;608062,6
MANANTIALES BEHR;2022-12;127005,6;674532,4;646685,2
MANANTIALES BEHR;2023-01;128820,8;686812,9;643926,5
MANANTIALES BEHR;2023-02;116013,3;619464,6;572927,8
MANANTIALES BEHR;03/2023;125005,2;665134,6;627742,1
MANANTIALES BEHR;2023-04;123161,5;668186,5;625724,2
MANANTIALES BEHR;2023-05;129132,6;694934,7;654659,6
MANANTIALES BEHR;2023-06;124911,6;671928,5;636020,9
MANANTIALES BEHR;2023-07;127097,9;666205,1;640233,0
MANANTIALES BEHR;08/2023;127148,4;664366,8;649651,2
MANANTIALES BEHR;2023-09;127807,2;651197,8;645554,3
MANANTIALES BEHR;2023-10;133131,9;706430,2;697510,7
MANANTIALES BEHR;2023-11;128193,5;693055,6;677546,7
MANANTIALES BEHR;2023-12;131292,6;707658,3;701641,2
MANANTIALES BEHR;01/2024;132128,7;728114,2;730598,2
MANANTIALES BEHR;2024-02;122627,7;679915,6;677449,0
MANANTIALES BEHR;2024-03;130061,0;719925,4;725530,6
MANANTIALES BEHR;2024-04;125211,1;709989,0;708843,3
MANANTIALES BEHR;2024-05;126948,0;718929,7;728363,7
MANANTIALES BEHR;06/2024;72410,0;412902,2;413053,7
MANANTIALES BEHR;2024-07;79363,1;432737,3;430129,2
MANANTIALES BEHR;2024-08;112142,4;657839,1;657463,1
MANANTIALES BEHR;2024-09;115292,0;700104,9;697424,5
MANANTIALES BEHR;2024-10;124083,5;753999,5;766859,8
MANANTIALES BEHR;11/2024;121604,3;749749,9;750789,5
MANANTIALES BEHR;2024-12;124186,9;781528,5;784318,2
MANANTIALES BEHR;2025-01;122652,2;771522,6;792151,2
MANANTIALES BEHR;2025-02;112884,5;705450,0;720296,5
MANANTIALES BEHR;2025-03;125811,8;783586,7;795285,0
MANANTIALES BEHR;04/2025;119390,2;734689,6;756212,6
MANANTIALES BEHR;2025-05;124622,3;778083,2;789670,4
MANANTIALES BEHR;2025-06;120908,4;741164,5;768966,8
MANANTIALES BEHR;2025-07;122296,2;752231,8;781420,8
MANANTIALES BEHR;2025-08;122300,2;774936,5;798850,6
MANANTIALES BEHR;09/2025;120740,3;775092,7;777226,4
MANANTIALES BEHR;2025-10;126892,8;800472,9;803071,8
MANANTIALES BEHR;2025-11;118179,9;747506,0;758978,2
MANANTIALES BEHR;2025-12;125546,8;788480,3;816225,2
MANANTIALES BEHR;2026-01;124976,6;781720,6;806576,8
MANANTIALES BEHR;02/2026;113738,4;702423,5;727438,6
MANANTIALES BEHR;2026-03;126609,4;774997,1;811028,4
MANANTIALES BEHR;2026-04;120220,1;757961,5;785362,1
MANANTIALES BEHR;2026-05;121929,9;811819,7;810400,0
MANANTIALES BEHR;2026-06;116701,9;779662,9;779058,9
MANANTIALES BEHR;07/2026;118052,2;803022,4;802487,5
DIADEMA;2006-01;46358,0;1455335,1;1449286,8
DIADEMA;2006-02;43376,1;1312934,0;1312934,0
DIADEMA;2006-03;48195,0;1451199,0;1448764,0
DIADEMA;2006-04;43737,0;1415307,7;1411806,0
DIADEMA;05/2006;45694,1;1460281,9;1456780,0
DIADEMA;2006-06;46196,0;1407449,9;1403951,0
DIADEMA;2006-07;48829,1;1445175,8;1442099,0
DIADEMA;2006-08;52449,0;1455200,4;1453115,0
DIADEMA;2006-09;49456,9;1460906,8;1458857,0
DIADEMA;10/2006;51748,0;1531927,0;1529820,2
DIADEMA;2006-11;45052,0;1405142,8;1403591,1
DIADEMA;2006-12;49706,1;1556238,1;1554340,6
DIADEMA;2007-01;47299,1;1526302,5;1637791,4
DIADEMA;2007-02;42915,0;1396932,6;1394474,6
DIADEMA;03/2007;50952,1;1558612,5;1556315,5
DIADEMA;2007-04;50399,1;1510703,2;1513576,4
DIADEMA;2007-05;50530,3;1601836,8;1599529,4
DIADEMA;2007-06;49455,3;1542202,0;1539935,9
DIADEMA;2007-07;48709,4;1570663,2;1569148,6
DIADEMA;08/2007;48438,3;1597768,3;1596820,5
DIADEMA;2007-09;47359,0;1523781,0;1522154,9
DIADEMA;2007-10;48454,7;1544977,8;1543697,0
DIADEMA;2007-11;45885,9;1438621,1;1436387,0
DIADEMA;2007-12;47694,0;1512457,1;1511693,0
DIADEMA;01/2008;45451,0;1429540,3;1427258,2
DIADEMA;2008-02;42791,3;1342141,3;1340322,8
DIADEMA;2008-03;46649,2;1478327,1;1476865,0
DIADEMA;2008-04;44920,3;1419451,7;1418483,7
DIADEMA;2008-05;45510,0;1457171,3;1455583,9
DIADEMA;06/2008;49396,1;1422260,2;1421637,4
DIADEMA;2008-07;46104,5;1438483,9;1437910,1
DIADEMA;2008-08;46876,5;1424911,5;1423691,3
DIADEMA;2008-09;42324,9;1367183,3;1366693,1
DIADEMA;2008-10;45443,4;1413451,1;1413158,8
DIADEMA;11/2008;48689,8;1361480,1;1361483,9
DIADEMA;2008-12;47291,6;1433134,7;1432202,5
DIADEMA;2009-01;50138,3;1478515,4;1478264,9
DIADEMA;2009-02;44914,0;1328761,3;1328585,2
DIADEMA;2009-03;48826,9;1438647,5;1438878,9
DIADEMA;04/2009;48013,5;1387716,0;1387607,5
DIADEMA;2009-05;52245,4;1434551,9;1433856,2
DIADEMA;2009-06;50500,1;1382953,0;1379869,6
DIADEMA;2009-07;49436,9;1436773,5;1435847,7
DIADEMA;2009-08;48288,7;1422247,8;1421116,6
DIADEMA;09/2009;48996,1;1395285,5;1394725,1
DIADEMA;2009-10;51350,3;1420057,0;1419811,0
DIADEMA;2009-11;48465,8;1338885,1;1338441,1
DIADEMA;2009-12;49222,9;1371355,9;1370319,0
DIADEMA;2010-01;48637,7;1379938,6;1378907,0
DIADEMA;02/2010;43576,7;1253992,4;1253089,4
DIADEMA;2010-03;47933,8;1396930,1;1396796,3
DIADEMA;2010-04;48560,8;1338076,4;1337672,4
DIADEMA;2010-05;48017,8;1365311,5;1364767,7
DIADEMA;2010-06;45657,7;1267220,6;1266577,0
DIADEMA;07/2010;51060,1;1326658,7;1326505,1
DIADEMA;2010-08;50365,5;1330062,4;1329591,9
DIADEMA;2010-09;48803,8;1266098,8;1266011,8
DIADEMA;2010-10;52577,7;1337671,1;1337247,1
DIADEMA;2010-11;52382,3;1319254,3;1318658,8
DIADEMA;12/2010;51114,7;1328446,4;1327993,2
DIADEMA;2011-01;52087,3;1325810,0;1325054,1
DIADEMA;2011-02;46777,6;1182572,1;1182145,3
DIADEMA;2011-03;52844,1;1341169,0;1340642,5
DIADEMA;2011-04;52190,8;1286545,7;1286395,9
DIADEMA;05/2011;52927,0;1320030,1;1319722,7
DIADEMA;2011-06;48620,3;1268551,9;1268330,7
DIADEMA;2011-07;49898,3;1302577,6;1302473,7
DIADEMA;2011-08;52482,6;1290115,0;1290399,9
DIADEMA;2011-09;50628,0;1241075,8;1241873,5
DIADEMA;10/2011;50006,5;1272675,2;1272571,1
DIADEMA;2011-11;50186,7;1224668,8;1225293,4
DIADEMA;2011-12;52365,1;1268990,4;1269615,9
DIADEMA;2012-01;47885,8;1247431,7;1247959,6
DIADEMA;2012-02;46286,7;1130648,5;1131099,9
DIADEMA;03/2012;52686,1;1240166,3;1238840,1
DIADEMA;2012-04;48621,5;1221749,4;1220482,6
DIADEMA;2012-05;49352,5;1236519,9;1237750,5
DIADEMA;2012-06;47507,1;1213151,0;1209929,5
DIADEMA;2012-07;50343,2;1220698,6;1218198,8
DIADEMA;08/2012;52688,0;1233708,5;1233031,5
DIADEMA;2012-09;52110,1;1213489,8;1211974,0
DIADEMA;2012-10;50935,2;1264202,1;1263111,4
DIADEMA;2012-11;45814,1;1185980,4;1185541,2
DIADEMA;2012-12;51902,8;1240183,2;1239747,1
DIADEMA;01/2013;50053,9;1219499,1;1219051,6
DIADEMA;2013-02;43464,2;1094026,2;1093683,2
DIADEMA;2013-03;48799,8;1178589,9;1178607,9
DIADEMA;2013-04;46999,5;1143373,0;1143359,9
DIADEMA;2013-05;48819,1;1203374,8;1203244,2
DIADEMA;06/2013;47172,1;1170470,5;1170389,2
DIADEMA;2013-07;47618,3;1219560,7;1219718,8
DIADEMA;2013-08;47563,9;1261008,4;1260573,6
DIADEMA;2013-09;47953,7;1240480,0;1240482,3
DIADEMA;2013-10;49155,6;1254802,6;1254445,3
DIADEMA;11/2013;46516,4;1186452,8;1186981,6
DIADEMA;2013-12;47688,8;1247211,8;1247414,2
DIADEMA;2014-01;47592,0;1244265,5;1244458,5
DIADEMA;2014-02;45706,1;1119523,1;1119754,5
DIADEMA;2014-03;52895,4;1256177,3;1256506,6
DIADEMA;04/2014;49025,8;1205412,8;1206447,3
DIADEMA;2014-05;51748,9;1237280,4;1237866,3
DIADEMA;2014-06;48752,7;1139682,7;1138867,0
DIADEMA;2014-07;50216,4;1215091,6;1215875,8
DIADEMA;2014-08;49576,1;1219161,0;1220054,2
DIADEMA;09/2014;50165,3;1201011,5;1202233,8
DIADEMA;2014-10;51922,2;1254958,5;1254619,8
DIADEMA;2014-11;49736,2;1201677,6;1203562,5
DIADEMA;2014-12;51563,0;1257213,9;1258432,4
DIADEMA;2015-01;51863,0;1254728,8;1254231,3
DIADEMA;02/2015;47400,0;1124778,9;1124464,4
DIADEMA;2015-03;51443,2;1246150,1;1246584,2
DIADEMA;2015-04;50651,8;1199572,7;1200883,5
DIADEMA;2015-05;52718,1;1265673,2;1266788,5
DIADEMA;2015-06;49408,0;1235250,1;1236812,4
DIADEMA;07/2015;53303,3;1288016,2;1286810,4
DIADEMA;2015-08;52337,8;1283438,6;1282051,0
DIADEMA;2015-09;48941,4;1223615,4;1221902,2
DIADEMA;2015-10;53206,6;1272384,6;1270630,8
DIADEMA;2015-11;50681,7;1238964,9;1238044,2
DIADEMA;12/2015;50135,6;1290253,1;1288994,6
DIADEMA;2016-01;53630,9;1272533,7;1271641,1
DIADEMA;2016-02;50061,3;1179461,5;1177267,4
DIADEMA;2016-03;54978,7;1314877,1;1314540,1
DIADEMA;2016-04;52438,3;1281241,5;1281020,4
DIADEMA;05/2016;54490,1;1343727,9;1343037,3
DIADEMA;2016-06;53870,3;1291762,2;1291778,1
DIADEMA;2016-07;53945,2;1308975,0;1308456,1
DIADEMA;2016-08;53960,1;1320163,5;1318266,4
DIADEMA;2016-09;53361,9;1297251,1;1297087,2
DIADEMA;10/2016;55147,2;1351002,4;1351829,9
DIADEMA;2016-11;52543,3;1276260,0;1276949,4
DIADEMA;2016-12;55090,5;1327052,2;1326384,7
DIADEMA;2017-01;57379,5;1296874,4;1296109,3
DIADEMA;2017-02;50420,9;1152515,3;1151455,6
DIADEMA;03/2017;52748,8;1247685,9;1245726,8
DIADEMA;2017-04;45516,5;1010583,1;1009529,3
DIADEMA;2017-05;49469,2;1143724,4;1146030,7
DIADEMA;2017-06;44659,2;1107232,5;1107073,2
DIADEMA;2017-07;51586,1;1270733,8;1270297,5
DIADEMA;08/2017;52530,9;1262688,5;1262625,1
DIADEMA;2017-09;52266,0;1242146,8;1243105,5
DIADEMA;2017-10;55607,7;1337713,4;1338187,2
DIADEMA;2017-11;52650,6;1278545,8;1279207,4
DIADEMA;2017-12;54027,0;1318978,7;1319961,6
DIADEMA;01/2018;53470,0;1317004,4;1317901,5
DIADEMA;2018-02;49420,0;1245367,7;1244672,3
DIADEMA;2018-03;55367,6;1351981,6;1356750,1
DIADEMA;2018-04;55573,8;1355188,9;1357757,9
DIADEMA;2018-05;55880,9;1351292,6;1353508,0
DIADEMA;06/2018;53982,9;1290263,7;1292573,2
DIADEMA;2018-07;56188,7;1332541,8;1334527,9
DIADEMA;2018-08;57158,9;1341589,7;1342903,9
DIADEMA;2018-09;56270,0;1297347,5;1298757,8
DIADEMA;2018-10;56972,1;1325283,9;1328185,9
DIADEMA;11/2018;55395,7;1327273,7;1325779,9
DIADEMA;2018-12;57863,5;1386250,4;1383644,0
DIADEMA;2019-01;56959,0;1366221,1;1361651,8
DIADEMA;2019-02;53964,4;1278990,2;1277404,6
DIADEMA;2019-03;59832,9;1369662,0;1370088,1
DIADEMA;04/2019;57485,5;1303815,4;1307547,0
DIADEMA;2019-05;59263,6;1368639,1;1362441,1
DIADEMA;2019-06;54460,8;1264867,1;1256748,6
DIADEMA;2019-07;56824,5;1345464,6;1338192,7
DIADEMA;2019-08;57258,6;1336621,4;1331666,3
DIADEMA;09/2019;54885,0;1238233,3;1233860,3
DIADEMA;2019-10;57069,6;1281307,5;1273944,8
DIADEMA;2019-11;55719,6;1228372,1;1224045,2
DIADEMA;2019-12;58258,5;1255914,8;1258357,4
DIADEMA;2020-01;56619,7;1255204,5;1252705,0
DIADEMA;02/2020;54200,7;1178795,0;1175571,2
DIADEMA;2020-03;57864,7;1303664,9;1298573,2
DIADEMA;2020-03;57864,7;1303664,9;1298573,2
DIADEMA;2020-04;54517,5;1234318,4;1236644,8
DIADEMA;2020-05;52901,3;1185422,3;1186025,7
DIADEMA;2020-06;52835,3;1132462,2;1132554,1
DIADEMA;07/2020;52424,6;1210018,3;1209563,7
DIADEMA;2020-08;51201,8;1165328,1;1166824,7
DIADEMA;2020-09;47986,2;1208768,0;1207315,2
DIADEMA;2020-10;49753,3;1235904,1;1233936,3
DIADEMA;2020-11;49264,3;1232137,6;1224575,2
DIADEMA;12/2020;50979,6;1288201,0;1282991,4
DIADEMA;2021-01;51856,4;1295003,6;1292615,2
DIADEMA;2021-02;47364,2;1148436,4;1143362,2
DIADEMA;2021-03;51047,1;1287661,7;1281863,8
DIADEMA;2021-04;50666,0;1246884,2;1243093,4
DIADEMA;05/2021;53130,4;1308883,3;1305967,1
DIADEMA;2021-06;51293,4;1260212,1;1256908,2
DIADEMA;2021-07;51729,2;1310756,7;1309390,5
DIADEMA;2021-08;52294,9;1308883,2;1305860,9
DIADEMA;2021-09;51217,1;1271045,2;1263904,3
DIADEMA;10/2021;51951,4;1324976,4;1320999,0
DIADEMA;2021-11;51728,9;1332950,8;1328139,4
DIADEMA;2021-12;53061,5;1394260,4;1385357,3
DIADEMA;2022-01;53200,8;1390334,5;1381162,3
DIADEMA;2022-02;48147,4;1272957,2;1264662,3
DIADEMA;03/2022;52388,6;1387394,2;1379851,4
DIADEMA;2022-04;50589,4;1368842,1;1364063,8
DIADEMA;2022-05;52027,4;1391744,9;1387248,3
DIADEMA;2022-06;50671,3;1344128,4;1341148,0
DIADEMA;2022-07;52468,6;1357594,7;1351032,1
DIADEMA;08/2022;52302,1;1367738,7;1362328,7
DIADEMA;2022-09;52378,8;1313538,5;1305533,1
DIADEMA;2022-10;58101,1;1376881,7;1368852,9
DIADEMA;2022-11;54917,9;1335909,6;1327315,4
DIADEMA;2022-12;57429,9;1361333,8;1354786,7
DIADEMA;01/2023;55508,5;1352679,9;1345519,9
DIADEMA;2023-02;47911,6;1210018,8;1202392,6
DIADEMA;2023-03;50951,9;1330079,4;1320551,6
DIADEMA;2023-04;51462,4;1308134,9;1301999,0
DIADEMA;2023-05;53900,3;1373320,0;1364399,9
DIADEMA;06/2023;52493,6;1326460,0;1319076,0
DIADEMA;2023-07;53259,0;1322040,9;1316579,8
DIADEMA;2023-08;50081,7;1335801,6;1330256,0
DIADEMA;2023-09;50261,0;1298114,5;1291744,1
DIADEMA;2023-10;51674,8;1334426,1;1326528,2
DIADEMA;11/2023;48578,8;1283696,2;1280062,0
DIADEMA;2023-12;50116,1;1338059,6;1334497,2
DIADEMA;2024-01;52060,8;1339191,0;1335603,9
DIADEMA;2024-02;48839,7;1250730,9;1246358,2
DIADEMA;2024-03;49804,1;1311910,7;1309251,6
DIADEMA;04/2024;46725,3;1263465,3;1260677,4
DIADEMA;2024-05;48619,4;1322215,3;1319304,8
DIADEMA;2024-06;30288,3;795134,9;793587,3
DIADEMA;2024-07;41800,5;1104603,5;1103321,3
DIADEMA;2024-08;47393,2;1329561,6;1327030,2
DIADEMA;09/2024;46378,0;1302458,4;1299364,9
DIADEMA;2024-10;49572,4;1359120,1;1356366,7
DIADEMA;2024-11;48935,5;1274158,1;1269467,5
DIADEMA;2024-12;50605,6;1308789,6;1306123,0
DIADEMA;2025-01;47540,2;1282212,6;1280163,3
DIADEMA;02/2025;41948,4;1216236,2;1214360,2
DIADEMA;2025-03;46996,1;1385450,8;1384286,7
DIADEMA;2025-04;47355,0;1329566,7;1329578,0
DIADEMA;2025-05;48652,2;1377825,2;1377971,1
DIADEMA;2025-06;49729,3;1349640,1;1349455,0
DIADEMA;07/2025;49592,2;1378976,3;1379029,1
DIADEMA;2025-08;48735,0;1362511,5;1362169,0
DIADEMA;2025-09;46288,0;1328409,4;1330095,0
DIADEMA;2025-10;48812,1;1375498,7;1377699,9
DIADEMA;2025-11;47840,4;1323527,9;1325687,0
DIADEMA;12/2025;49890,3;1388452,4;1388546,1
DIADEMA;2026-01;48105,6;1369035,1;1368257,0
DIADEMA;2026-02;43820,8;1226408,4;1225979,0
DIADEMA;2026-03;48528,5;1348828,7;1348865,0
DIADEMA;2026-04;46356,9;1312581,8;1312974,0
DIADEMA;05/2026;49572,9;1362229,2;1362191,9
DIADEMA;2026-06;48455,0;1324654,6;1322846,9
DIADEMA;2026-07;49306,7;1353576,4;1351263,9
