idpozo,pozo,yacimiento,formacion,mes,gas_miles_m3,petroleo_m3,agua_m3,dias_efectivos
10639,CD-12,AGUARAGÜE,tupambi,2019-01,2304.81,269.81,36.84,30.67
10639,CD-12,AGUARAGÜE,tupambi,2019-02,2092.32,268.27,25.4,27.81
10639,CD-12,AGUARAGÜE,tupambi,2019-03,2307.23,309.21,24.47,30.94
10639,CD-12,AGUARAGÜE,tupambi,2019-04,2231.73,271.36,29.33,29.81
10639,CD-12,AGUARAGÜE,tupambi,2019-05,2295.07,253.64,31.7,30.88
10639,CD-12,AGUARAGÜE,tupambi,2019-06,2232.43,246.8,31.73,30.0
10639,CD-12,AGUARAGÜE,tupambi,2019-07,2281.81,245.35,36.08,30.39
10639,CD-12,AGUARAGÜE,tupambi,2019-08,2337.59,249.72,37.88,30.92
10639,CD-12,AGUARAGÜE,tupambi,2019-09,2254.49,247.75,36.21,29.62
10639,CD-12,AGUARAGÜE,tupambi,2019-10,2325.63,243.93,37.15,30.83
10639,CD-12,AGUARAGÜE,tupambi,2019-11,2253.97,236.87,35.58,29.77
10639,CD-12,AGUARAGÜE,tupambi,2019-12,2332.35,241.92,37.24,30.92
10639,CD-12,AGUARAGÜE,tupambi,2020-01,2298.91,238.76,37.12,30.85
10639,CD-12,AGUARAGÜE,tupambi,2020-02,2121.76,235.09,35.23,28.81
10639,CD-12,AGUARAGÜE,tupambi,2020-03,2230.77,241.02,36.25,30.85
10639,CD-12,AGUARAGÜE,tupambi,2020-04,2128.86,230.86,34.62,29.92
10639,CD-12,AGUARAGÜE,tupambi,2020-05,2146.87,228.8,36.18,31.0
10639,CD-12,AGUARAGÜE,tupambi,2020-06,2104.74,220.76,34.8,30.0
10639,CD-12,AGUARAGÜE,tupambi,2020-07,2188.81,227.47,35.71,31.0
10639,CD-12,AGUARAGÜE,tupambi,2020-08,2200.36,217.64,36.73,31.0
10639,CD-12,AGUARAGÜE,tupambi,2020-09,2048.39,200.44,36.15,29.15
10639,CD-12,AGUARAGÜE,tupambi,2020-10,2144.96,208.54,38.71,31.0
10639,CD-12,AGUARAGÜE,tupambi,2020-11,2030.83,197.47,36.79,29.65
10639,CD-12,AGUARAGÜE,tupambi,2020-12,2074.74,207.53,37.27,30.62
10639,CD-12,AGUARAGÜE,tupambi,2021-01,2275.91,218.3,35.39,31.0
10639,CD-12,AGUARAGÜE,tupambi,2021-02,1955.31,195.99,30.42,27.5
10639,CD-12,AGUARAGÜE,tupambi,2021-03,2092.67,213.74,44.75,29.86
10639,CD-12,AGUARAGÜE,tupambi,2021-04,2023.66,225.98,43.91,28.63
10639,CD-12,AGUARAGÜE,tupambi,2021-05,2150.06,241.47,51.37,29.92
10639,CD-12,AGUARAGÜE,tupambi,2021-06,2117.23,217.9,51.66,29.27
10639,CD-12,AGUARAGÜE,tupambi,2021-07,2182.86,237.2,48.77,30.04
10639,CD-12,AGUARAGÜE,tupambi,2021-08,2204.71,246.08,15.99,29.89
10639,CD-12,AGUARAGÜE,tupambi,2021-09,2187.44,229.59,8.4,30.0
10639,CD-12,AGUARAGÜE,tupambi,2021-10,2226.33,232.94,7.81,30.13
10639,CD-12,AGUARAGÜE,tupambi,2021-11,2157.93,227.44,8.82,29.31
10639,CD-12,AGUARAGÜE,tupambi,2021-12,2223.8,237.67,10.4,30.18
10639,CD-12,AGUARAGÜE,tupambi,2022-01,2218.43,234.94,11.01,29.73
10639,CD-12,AGUARAGÜE,tupambi,2022-02,2037.2,219.91,10.38,27.68
10639,CD-12,AGUARAGÜE,tupambi,2022-03,2275.52,240.68,11.6,31.0
10639,CD-12,AGUARAGÜE,tupambi,2022-04,2174.91,239.33,10.49,29.6
10639,CD-12,AGUARAGÜE,tupambi,2022-05,2206.05,231.86,11.42,29.42
10639,CD-12,AGUARAGÜE,tupambi,2022-06,2119.87,216.65,11.95,28.95
10639,CD-12,AGUARAGÜE,tupambi,2022-07,2161.37,227.64,12.64,29.99
10639,CD-12,AGUARAGÜE,tupambi,2022-08,2029.44,218.61,11.95,29.53
10639,CD-12,AGUARAGÜE,tupambi,2022-09,1888.45,206.13,12.88,30.0
10639,CD-12,AGUARAGÜE,tupambi,2022-10,1957.04,215.72,17.04,30.83
10639,CD-12,AGUARAGÜE,tupambi,2022-11,1828.95,187.02,16.01,27.98
10639,CD-12,AGUARAGÜE,tupambi,2022-12,2116.6,223.99,17.85,30.84
10639,CD-12,AGUARAGÜE,tupambi,2023-01,2067.13,225.9,12.38,30.89
10639,CD-12,AGUARAGÜE,tupambi,2023-02,1914.46,251.59,9.88,28.0
10639,CD-12,AGUARAGÜE,tupambi,2023-03,2137.68,276.06,11.45,30.06
10639,CD-12,AGUARAGÜE,tupambi,2023-04,2072.78,269.77,10.39,29.82
10639,CD-12,AGUARAGÜE,tupambi,2023-05,2088.96,273.36,10.55,30.54
10639,CD-12,AGUARAGÜE,tupambi,2023-06,2019.32,269.28,29.24,29.46
10639,CD-12,AGUARAGÜE,tupambi,2023-07,2213.25,299.06,57.47,30.86
10639,CD-12,AGUARAGÜE,tupambi,2023-08,2212.55,308.86,64.82,30.62
10639,CD-12,AGUARAGÜE,tupambi,2023-09,2004.36,276.99,40.22,29.46
10639,CD-12,AGUARAGÜE,tupambi,2023-10,2147.65,301.94,31.95,31.0
10639,CD-12,AGUARAGÜE,tupambi,2023-11,1999.57,284.87,30.05,30.0
10639,CD-12,AGUARAGÜE,tupambi,2023-12,2081.77,258.68,33.9,31.0
10639,CD-12,AGUARAGÜE,tupambi,2024-01,2087.63,263.31,34.0,31.0
10639,CD-12,AGUARAGÜE,tupambi,2024-02,1929.65,233.92,31.34,28.6
10639,CD-12,AGUARAGÜE,tupambi,2024-03,2091.18,265.87,33.98,31.0
10639,CD-12,AGUARAGÜE,tupambi,2024-04,2012.23,256.41,32.96,30.0
10639,CD-12,AGUARAGÜE,tupambi,2024-05,2044.72,262.55,33.68,30.97
10639,CD-12,AGUARAGÜE,tupambi,2024-06,1897.43,244.88,32.14,29.65
10639,CD-12,AGUARAGÜE,tupambi,2024-07,2025.83,257.54,33.82,30.96
10639,CD-12,AGUARAGÜE,tupambi,2024-08,2011.68,253.69,34.38,30.81
10639,CD-12,AGUARAGÜE,tupambi,2024-09,1932.99,243.33,33.44,30.0
10639,CD-12,AGUARAGÜE,tupambi,2024-10,1987.73,239.95,34.35,31.0
10639,CD-12,AGUARAGÜE,tupambi,2024-11,1779.41,210.54,31.18,30.0
10639,CD-12,AGUARAGÜE,tupambi,2024-12,1957.63,268.35,43.94,31.0
10639,CD-12,AGUARAGÜE,tupambi,2025-01,2003.11,282.75,48.18,31.0
10639,CD-12,AGUARAGÜE,tupambi,2025-02,1775.29,240.04,42.6,28.0
10639,CD-12,AGUARAGÜE,tupambi,2025-03,2083.33,278.56,45.9,31.0
10639,CD-12,AGUARAGÜE,tupambi,2025-04,1981.19,267.78,45.07,30.0
10639,CD-12,AGUARAGÜE,tupambi,2025-05,2020.96,272.05,46.53,31.0
10639,CD-12,AGUARAGÜE,tupambi,2025-06,1899.39,241.7,44.96,30.0
10639,CD-12,AGUARAGÜE,tupambi,2025-07,1939.03,260.57,46.44,31.0
10639,CD-12,AGUARAGÜE,tupambi,2025-08,2005.98,263.35,46.08,30.71
10639,CD-12,AGUARAGÜE,tupambi,2025-09,1921.67,241.6,45.48,30.0
10639,CD-12,AGUARAGÜE,tupambi,2025-10,2060.71,256.21,47.07,31.0
10639,CD-12,AGUARAGÜE,tupambi,2025-11,2041.42,261.53,44.54,30.0
10639,CD-12,AGUARAGÜE,tupambi,2025-12,2016.06,265.55,47.74,31.0
10639,CD-12,AGUARAGÜE,tupambi,2026-01,1986.21,214.18,49.3,31.0
10639,CD-12,AGUARAGÜE,tupambi,2026-02,1852.9,245.93,45.77,28.0
10639,CD-12,AGUARAGÜE,tupambi,2026-03,2063.71,262.17,47.98,31.0
10639,CD-12,AGUARAGÜE,tupambi,2026-04,1939.51,207.87,39.24,30.0
10639,CD-12,AGUARAGÜE,tupambi,2026-05,2031.01,257.94,42.54,30.81
10639,CD-12,AGUARAGÜE,tupambi,2026-06,1864.01,193.22,42.2,30.0
153510,PAE.St.Mac-1004(d),ACAMBUCO,icla,2019-01,20955.32,2499.07,261.1,31.0
153510,PAE.St.Mac-1004(d),ACAMBUCO,icla,2019-02,19042.91,2274.35,249.33,28.0
153510,PAE.St.Mac-1004(d),ACAMBUCO,icla,2019-03,20990.67,2508.64,304.74,31.0
153510,PAE.St.Mac-1004(d),ACAMBUCO,icla,2019-04,20461.34,1660.07,346.49,30.0
153510,PAE.St.Mac-1004(d),ACAMBUCO,icla,2019-05,21219.94,1631.1,413.2,31.0
153510,PAE.St.Mac-1004(d),ACAMBUCO,icla,2019-06,20419.74,1570.17,455.67,30.0
153510,PAE.St.Mac-1004(d),ACAMBUCO,icla,2019-07,20071.06,1451.57,489.82,31.0
153510,PAE.St.Mac-1004(d),ACAMBUCO,icla,2019-08,20113.76,1387.56,586.4,31.0
153510,PAE.St.Mac-1004(d),ACAMBUCO,icla,2019-09,19088.85,1468.03,618.67,30.0
153510,PAE.St.Mac-1004(d),ACAMBUCO,icla,2019-10,19494.7,1518.2,733.92,31.0
153510,PAE.St.Mac-1004(d),ACAMBUCO,icla,2019-11,18918.09,1469.02,772.83,30.0
153510,PAE.St.Mac-1004(d),ACAMBUCO,icla,2019-12,19571.41,1423.69,871.67,31.0
153510,PAE.St.Mac-1004(d),ACAMBUCO,icla,2020-01,19403.5,1362.53,958.06,31.0
153510,PAE.St.Mac-1004(d),ACAMBUCO,icla,2020-02,17939.58,1120.87,944.06,29.0
153510,PAE.St.Mac-1004(d),ACAMBUCO,icla,2020-03,19080.67,1056.24,1092.99,31.0
153510,PAE.St.Mac-1004(d),ACAMBUCO,icla,2020-04,18617.67,1145.07,1114.71,30.0
153510,PAE.St.Mac-1004(d),ACAMBUCO,icla,2020-05,19143.2,1170.53,1246.32,31.0
153510,PAE.St.Mac-1004(d),ACAMBUCO,icla,2020-06,18230.59,1257.52,1264.62,30.0
153510,PAE.St.Mac-1004(d),ACAMBUCO,icla,2020-07,18699.14,1340.2,1340.85,31.0
153510,PAE.St.Mac-1004(d),ACAMBUCO,icla,2020-08,18520.64,1350.69,1363.2,31.0
153510,PAE.St.Mac-1004(d),ACAMBUCO,icla,2020-09,17694.56,1134.79,1376.94,30.0
153510,PAE.St.Mac-1004(d),ACAMBUCO,icla,2020-10,18155.81,1247.46,1447.3,31.0
153510,PAE.St.Mac-1004(d),ACAMBUCO,icla,2020-11,17381.43,1316.45,1441.91,30.0
153510,PAE.St.Mac-1004(d),ACAMBUCO,icla,2020-12,17940.3,1389.11,1540.6,31.0
153510,PAE.St.Mac-1004(d),ACAMBUCO,icla,2021-01,17815.7,1291.08,1587.78,31.0
153510,PAE.St.Mac-1004(d),ACAMBUCO,icla,2021-02,16027.41,1002.89,1456.0,28.0
153510,PAE.St.Mac-1004(d),ACAMBUCO,icla,2021-03,17862.8,1333.18,1543.2,31.0
153510,PAE.St.Mac-1004(d),ACAMBUCO,icla,2021-04,16933.38,1004.98,1595.05,30.0
153510,PAE.St.Mac-1004(d),ACAMBUCO,icla,2021-05,17402.03,1345.96,1716.48,31.0
153510,PAE.St.Mac-1004(d),ACAMBUCO,icla,2021-06,16752.03,1064.66,1701.89,30.0
153510,PAE.St.Mac-1004(d),ACAMBUCO,icla,2021-07,17310.09,1246.67,1745.79,31.0
153510,PAE.St.Mac-1004(d),ACAMBUCO,icla,2021-08,17165.35,1190.91,1762.22,31.0
153510,PAE.St.Mac-1004(d),ACAMBUCO,icla,2021-09,16483.15,1385.51,1750.85,30.0
153510,PAE.St.Mac-1004(d),ACAMBUCO,icla,2021-10,16750.23,1020.72,1819.88,31.0
153510,PAE.St.Mac-1004(d),ACAMBUCO,icla,2021-11,16173.8,941.44,1751.64,30.0
153510,PAE.St.Mac-1004(d),ACAMBUCO,icla,2021-12,16784.79,1654.29,1827.49,31.0
153510,PAE.St.Mac-1004(d),ACAMBUCO,icla,2022-01,16754.84,1303.48,1892.67,31.0
153510,PAE.St.Mac-1004(d),ACAMBUCO,icla,2022-02,15003.64,1050.02,1705.26,28.0
153510,PAE.St.Mac-1004(d),ACAMBUCO,icla,2022-03,16529.08,1048.79,1899.26,31.0
153510,PAE.St.Mac-1004(d),ACAMBUCO,icla,2022-04,16056.79,863.62,1854.86,30.0
153510,PAE.St.Mac-1004(d),ACAMBUCO,icla,2022-05,16550.5,1100.49,1977.67,31.0
153510,PAE.St.Mac-1004(d),ACAMBUCO,icla,2022-06,15915.04,1070.39,1947.79,30.0
153510,PAE.St.Mac-1004(d),ACAMBUCO,icla,2022-07,16444.39,1185.59,2021.65,30.99
153510,PAE.St.Mac-1004(d),ACAMBUCO,icla,2022-08,16126.7,1267.01,1983.21,31.0
153510,PAE.St.Mac-1004(d),ACAMBUCO,icla,2022-09,15404.36,1060.54,1964.38,30.0
153510,PAE.St.Mac-1004(d),ACAMBUCO,icla,2022-10,16214.58,937.25,2054.89,31.0
153510,PAE.St.Mac-1004(d),ACAMBUCO,icla,2022-11,15324.95,1385.61,1857.65,30.0
153510,PAE.St.Mac-1004(d),ACAMBUCO,icla,2022-12,15406.35,1249.25,0.0,31.0
153510,PAE.St.Mac-1004(d),ACAMBUCO,icla,2023-01,15403.75,1301.24,1944.51,31.0
153510,PAE.St.Mac-1004(d),ACAMBUCO,icla,2023-02,13892.11,2031.31,1802.29,28.0
153510,PAE.St.Mac-1004(d),ACAMBUCO,icla,2023-03,15223.35,986.98,2001.4,31.0
153510,PAE.St.Mac-1004(d),ACAMBUCO,icla,2023-04,14798.05,898.19,1941.28,30.0
153510,PAE.St.Mac-1004(d),ACAMBUCO,icla,2023-05,15222.88,788.88,2012.06,31.0
153510,PAE.St.Mac-1004(d),ACAMBUCO,icla,2023-06,14575.23,1043.14,1912.07,30.0
153510,PAE.St.Mac-1004(d),ACAMBUCO,icla,2023-07,14904.54,999.07,1958.91,31.0
153510,PAE.St.Mac-1004(d),ACAMBUCO,icla,2023-08,14956.4,831.32,1945.48,31.0
153510,PAE.St.Mac-1004(d),ACAMBUCO,icla,2023-09,14607.16,1301.11,1859.34,30.0
153510,PAE.St.Mac-1004(d),ACAMBUCO,icla,2023-10,14852.4,361.31,2008.27,31.0
153510,PAE.St.Mac-1004(d),ACAMBUCO,icla,2023-11,14140.24,1331.34,1835.73,30.0
153510,PAE.St.Mac-1004(d),ACAMBUCO,icla,2023-12,14465.82,879.41,1885.71,31.0
153510,PAE.St.Mac-1004(d),ACAMBUCO,icla,2024-01,14234.89,675.71,1863.73,31.0
153510,PAE.St.Mac-1004(d),ACAMBUCO,icla,2024-02,13407.17,1237.71,1733.4,29.0
153510,PAE.St.Mac-1004(d),ACAMBUCO,icla,2024-03,14072.42,1660.39,1808.83,31.0
153510,PAE.St.Mac-1004(d),ACAMBUCO,icla,2024-04,13420.73,1075.4,1764.1,30.0
153510,PAE.St.Mac-1004(d),ACAMBUCO,icla,2024-05,14002.93,726.57,1820.51,31.0
153510,PAE.St.Mac-1004(d),ACAMBUCO,icla,2024-06,13470.18,875.79,1711.28,30.0
153510,PAE.St.Mac-1004(d),ACAMBUCO,icla,2024-07,13897.3,915.08,1770.49,31.0
153510,PAE.St.Mac-1004(d),ACAMBUCO,icla,2024-08,13558.73,636.2,1787.6,31.0
153510,PAE.St.Mac-1004(d),ACAMBUCO,icla,2024-09,13055.64,666.25,1749.19,30.0
153510,PAE.St.Mac-1004(d),ACAMBUCO,icla,2024-10,13443.42,1017.31,1794.77,31.0
153510,PAE.St.Mac-1004(d),ACAMBUCO,icla,2024-11,13065.08,702.68,1695.68,30.0
153510,PAE.St.Mac-1004(d),ACAMBUCO,icla,2024-12,12849.52,977.74,1676.93,31.0
153510,PAE.St.Mac-1004(d),ACAMBUCO,icla,2025-01,13001.67,863.84,1610.39,31.0
153510,PAE.St.Mac-1004(d),ACAMBUCO,icla,2025-02,11799.24,822.29,1477.42,28.0
153510,PAE.St.Mac-1004(d),ACAMBUCO,icla,2025-03,12792.25,762.49,1639.44,31.0
153510,PAE.St.Mac-1004(d),ACAMBUCO,icla,2025-04,11988.37,629.72,1597.09,30.0
153510,PAE.St.Mac-1004(d),ACAMBUCO,icla,2025-05,12723.7,757.93,1638.49,31.0
153510,PAE.St.Mac-1004(d),ACAMBUCO,icla,2025-06,12299.71,763.66,1582.53,30.0
153510,PAE.St.Mac-1004(d),ACAMBUCO,icla,2025-07,12705.97,1043.16,1638.43,31.0
153510,PAE.St.Mac-1004(d),ACAMBUCO,icla,2025-08,12494.64,1068.86,1643.61,31.0
153510,PAE.St.Mac-1004(d),ACAMBUCO,icla,2025-09,11896.78,991.18,1636.4,30.0
153510,PAE.St.Mac-1004(d),ACAMBUCO,icla,2025-10,12124.98,1150.49,1543.43,31.0
153510,PAE.St.Mac-1004(d),ACAMBUCO,icla,2025-11,11656.23,1127.84,1641.42,30.0
153510,PAE.St.Mac-1004(d),ACAMBUCO,icla,2025-12,12112.21,1270.05,1726.55,31.0
153510,PAE.St.Mac-1004(d),ACAMBUCO,icla,2026-01,11914.77,1006.04,1708.98,31.0
153510,PAE.St.Mac-1004(d),ACAMBUCO,icla,2026-02,10874.39,892.86,1486.81,28.0
153510,PAE.St.Mac-1004(d),ACAMBUCO,icla,2026-03,12320.03,1114.55,1676.66,31.0
153510,PAE.St.Mac-1004(d),ACAMBUCO,icla,2026-04,11545.1,1027.43,1601.52,30.0
153510,PAE.St.Mac-1004(d),ACAMBUCO,icla,2026-05,11895.56,745.81,1742.31,31.0
153510,PAE.St.Mac-1004(d),ACAMBUCO,icla,2026-06,11551.88,727.34,1686.11,30.0
34585,PAE.St.Mac.x-1001 bis,ACAMBUCO,icla,2019-01,33285.33,2888.18,5610.35,31.0
34585,PAE.St.Mac.x-1001 bis,ACAMBUCO,icla,2019-02,29712.46,2418.16,5026.49,28.0
34585,PAE.St.Mac.x-1001 bis,ACAMBUCO,icla,2019-03,32603.04,2813.08,5492.37,31.0
34585,PAE.St.Mac.x-1001 bis,ACAMBUCO,icla,2019-04,31054.82,3302.47,5191.3,30.0
34585,PAE.St.Mac.x-1001 bis,ACAMBUCO,icla,2019-05,31711.69,3531.62,5281.66,31.0
34585,PAE.St.Mac.x-1001 bis,ACAMBUCO,icla,2019-06,30495.88,3346.7,5074.63,30.0
34585,PAE.St.Mac.x-1001 bis,ACAMBUCO,icla,2019-07,31209.75,2818.35,5291.74,31.0
34585,PAE.St.Mac.x-1001 bis,ACAMBUCO,icla,2019-08,31089.32,3303.77,5224.58,31.0
34585,PAE.St.Mac.x-1001 bis,ACAMBUCO,icla,2019-09,29663.26,3163.94,4994.2,30.0
34585,PAE.St.Mac.x-1001 bis,ACAMBUCO,icla,2019-10,30414.4,3279.67,5445.14,31.0
34585,PAE.St.Mac.x-1001 bis,ACAMBUCO,icla,2019-11,28920.25,3015.65,5084.32,30.0
34585,PAE.St.Mac.x-1001 bis,ACAMBUCO,icla,2019-12,29261.07,3237.62,5194.82,31.0
34585,PAE.St.Mac.x-1001 bis,ACAMBUCO,icla,2020-01,29103.14,3256.0,5224.54,31.0
34585,PAE.St.Mac.x-1001 bis,ACAMBUCO,icla,2020-02,26695.05,3123.08,4882.91,29.0
34585,PAE.St.Mac.x-1001 bis,ACAMBUCO,icla,2020-03,28191.86,3324.46,5083.52,30.98
34585,PAE.St.Mac.x-1001 bis,ACAMBUCO,icla,2020-04,27417.44,3248.59,4956.67,30.0
34585,PAE.St.Mac.x-1001 bis,ACAMBUCO,icla,2020-05,28050.35,3379.17,5097.18,31.0
34585,PAE.St.Mac.x-1001 bis,ACAMBUCO,icla,2020-06,26800.84,2944.32,4942.59,30.0
34585,PAE.St.Mac.x-1001 bis,ACAMBUCO,icla,2020-07,27518.81,2792.76,5078.52,31.0
34585,PAE.St.Mac.x-1001 bis,ACAMBUCO,icla,2020-08,27390.92,2991.8,5080.4,31.0
34585,PAE.St.Mac.x-1001 bis,ACAMBUCO,icla,2020-09,26175.2,3045.86,4843.69,30.0
34585,PAE.St.Mac.x-1001 bis,ACAMBUCO,icla,2020-10,27043.94,3250.04,4997.94,31.0
34585,PAE.St.Mac.x-1001 bis,ACAMBUCO,icla,2020-11,26041.15,2816.73,4833.17,30.0
34585,PAE.St.Mac.x-1001 bis,ACAMBUCO,icla,2020-12,26655.22,2877.37,4966.34,31.0
34585,PAE.St.Mac.x-1001 bis,ACAMBUCO,icla,2021-01,26372.5,3078.32,4936.16,31.0
34585,PAE.St.Mac.x-1001 bis,ACAMBUCO,icla,2021-02,23167.02,2878.14,4401.13,28.0
34585,PAE.St.Mac.x-1001 bis,ACAMBUCO,icla,2021-03,25729.1,2563.41,4745.74,31.0
34585,PAE.St.Mac.x-1001 bis,ACAMBUCO,icla,2021-04,24654.4,3140.96,4771.82,30.0
34585,PAE.St.Mac.x-1001 bis,ACAMBUCO,icla,2021-05,25100.21,2558.04,4884.2,31.0
34585,PAE.St.Mac.x-1001 bis,ACAMBUCO,icla,2021-06,24192.97,2814.99,4722.21,30.0
34585,PAE.St.Mac.x-1001 bis,ACAMBUCO,icla,2021-07,24507.86,2720.49,4831.62,31.0
34585,PAE.St.Mac.x-1001 bis,ACAMBUCO,icla,2021-08,24328.28,2807.07,4810.17,30.98
34585,PAE.St.Mac.x-1001 bis,ACAMBUCO,icla,2021-09,23278.54,2332.18,4651.46,30.0
34585,PAE.St.Mac.x-1001 bis,ACAMBUCO,icla,2021-10,23937.01,2968.43,4750.66,31.0
34585,PAE.St.Mac.x-1001 bis,ACAMBUCO,icla,2021-11,23096.35,2976.38,4469.83,30.0
34585,PAE.St.Mac.x-1001 bis,ACAMBUCO,icla,2021-12,23897.77,2013.03,4629.11,31.0
34585,PAE.St.Mac.x-1001 bis,ACAMBUCO,icla,2022-01,23590.99,2390.19,4643.27,31.0
34585,PAE.St.Mac.x-1001 bis,ACAMBUCO,icla,2022-02,21168.53,2438.11,4155.98,28.0
34585,PAE.St.Mac.x-1001 bis,ACAMBUCO,icla,2022-03,23162.25,2939.06,4568.22,31.0
34585,PAE.St.Mac.x-1001 bis,ACAMBUCO,icla,2022-04,22124.54,2961.4,4387.33,30.0
34585,PAE.St.Mac.x-1001 bis,ACAMBUCO,icla,2022-05,22829.2,2906.75,4495.69,31.0
34585,PAE.St.Mac.x-1001 bis,ACAMBUCO,icla,2022-06,21845.66,2538.59,4315.23,30.0
34585,PAE.St.Mac.x-1001 bis,ACAMBUCO,icla,2022-07,22174.8,2509.54,4434.73,31.0
34585,PAE.St.Mac.x-1001 bis,ACAMBUCO,icla,2022-08,22052.34,2237.38,4414.05,31.0
34585,PAE.St.Mac.x-1001 bis,ACAMBUCO,icla,2022-09,20985.19,2289.0,4226.06,30.0
34585,PAE.St.Mac.x-1001 bis,ACAMBUCO,icla,2022-10,21633.66,2339.57,4369.08,31.0
34585,PAE.St.Mac.x-1001 bis,ACAMBUCO,icla,2022-11,20546.41,1515.57,4231.07,30.0
34585,PAE.St.Mac.x-1001 bis,ACAMBUCO,icla,2022-12,20649.17,2045.56,5385.52,31.0
34585,PAE.St.Mac.x-1001 bis,ACAMBUCO,icla,2023-01,20545.08,2513.25,4190.42,31.0
34585,PAE.St.Mac.x-1001 bis,ACAMBUCO,icla,2023-02,18328.15,773.85,3777.73,28.0
34585,PAE.St.Mac.x-1001 bis,ACAMBUCO,icla,2023-03,19882.42,2682.58,4099.19,31.0
34585,PAE.St.Mac.x-1001 bis,ACAMBUCO,icla,2023-04,19143.06,2601.12,3899.79,30.0
34585,PAE.St.Mac.x-1001 bis,ACAMBUCO,icla,2023-05,19592.24,2834.32,4002.82,31.0
34585,PAE.St.Mac.x-1001 bis,ACAMBUCO,icla,2023-06,18691.49,2441.23,3738.95,30.0
34585,PAE.St.Mac.x-1001 bis,ACAMBUCO,icla,2023-07,19222.8,2257.04,3803.21,31.0
34585,PAE.St.Mac.x-1001 bis,ACAMBUCO,icla,2023-08,19111.81,2617.57,3738.39,31.0
34585,PAE.St.Mac.x-1001 bis,ACAMBUCO,icla,2023-09,18205.62,1913.36,3532.69,30.0
34585,PAE.St.Mac.x-1001 bis,ACAMBUCO,icla,2023-10,18721.25,3196.82,3815.07,31.0
34585,PAE.St.Mac.x-1001 bis,ACAMBUCO,icla,2023-11,17975.58,1785.15,3442.97,30.0
34585,PAE.St.Mac.x-1001 bis,ACAMBUCO,icla,2023-12,18257.41,2360.93,3493.52,31.0
34585,PAE.St.Mac.x-1001 bis,ACAMBUCO,icla,2024-01,18130.98,2532.02,3426.32,31.0
34585,PAE.St.Mac.x-1001 bis,ACAMBUCO,icla,2024-02,16847.81,1920.45,3158.9,29.0
34585,PAE.St.Mac.x-1001 bis,ACAMBUCO,icla,2024-03,17741.82,1307.29,3310.81,31.0
34585,PAE.St.Mac.x-1001 bis,ACAMBUCO,icla,2024-04,17139.37,2141.22,3126.72,30.0
34585,PAE.St.Mac.x-1001 bis,ACAMBUCO,icla,2024-05,17708.23,2452.75,3182.53,31.0
34585,PAE.St.Mac.x-1001 bis,ACAMBUCO,icla,2024-06,16869.27,2040.86,2925.03,30.0
34585,PAE.St.Mac.x-1001 bis,ACAMBUCO,icla,2024-07,17412.44,1962.96,3032.03,31.0
34585,PAE.St.Mac.x-1001 bis,ACAMBUCO,icla,2024-08,16988.24,2344.97,3061.33,31.0
34585,PAE.St.Mac.x-1001 bis,ACAMBUCO,icla,2024-09,16357.9,2376.87,2976.06,30.0
34585,PAE.St.Mac.x-1001 bis,ACAMBUCO,icla,2024-10,17222.06,1745.59,3049.76,31.0
34585,PAE.St.Mac.x-1001 bis,ACAMBUCO,icla,2024-11,16369.72,2228.52,3008.39,30.0
34585,PAE.St.Mac.x-1001 bis,ACAMBUCO,icla,2024-12,16737.68,1688.21,3034.64,31.0
34585,PAE.St.Mac.x-1001 bis,ACAMBUCO,icla,2025-01,16935.86,1988.72,2912.05,31.0
34585,PAE.St.Mac.x-1001 bis,ACAMBUCO,icla,2025-02,15308.49,1647.99,2615.68,28.0
34585,PAE.St.Mac.x-1001 bis,ACAMBUCO,icla,2025-03,17018.54,2012.27,2891.16,31.0
34585,PAE.St.Mac.x-1001 bis,ACAMBUCO,icla,2025-04,16628.43,2127.65,2709.67,30.0
34585,PAE.St.Mac.x-1001 bis,ACAMBUCO,icla,2025-05,16986.56,2113.71,2857.42,31.0
34585,PAE.St.Mac.x-1001 bis,ACAMBUCO,icla,2025-06,15539.01,1903.85,2750.36,30.0
34585,PAE.St.Mac.x-1001 bis,ACAMBUCO,icla,2025-07,16439.63,1616.63,2820.76,31.0
34585,PAE.St.Mac.x-1001 bis,ACAMBUCO,icla,2025-08,17140.25,1336.97,3000.57,31.0
34585,PAE.St.Mac.x-1001 bis,ACAMBUCO,icla,2025-09,16587.38,1324.46,3094.15,30.0
34585,PAE.St.Mac.x-1001 bis,ACAMBUCO,icla,2025-10,16883.49,1090.49,3191.37,31.0
34585,PAE.St.Mac.x-1001 bis,ACAMBUCO,icla,2025-11,16365.08,1112.69,2967.64,30.0
34585,PAE.St.Mac.x-1001 bis,ACAMBUCO,icla,2025-12,16591.76,1150.13,2959.61,31.0
34585,PAE.St.Mac.x-1001 bis,ACAMBUCO,icla,2026-01,16413.97,1463.8,2870.3,31.0
34585,PAE.St.Mac.x-1001 bis,ACAMBUCO,icla,2026-02,14707.03,1310.09,2550.42,28.0
34585,PAE.St.Mac.x-1001 bis,ACAMBUCO,icla,2026-03,15780.92,1464.91,2853.25,31.0
34585,PAE.St.Mac.x-1001 bis,ACAMBUCO,icla,2026-04,15408.54,1374.75,2838.46,30.0
34585,PAE.St.Mac.x-1001 bis,ACAMBUCO,icla,2026-05,15843.03,1696.74,2946.48,31.0
34585,PAE.St.Mac.x-1001 bis,ACAMBUCO,icla,2026-06,15385.3,1654.71,2851.44,30.0
79164,Pp.St.R-1003-h,RAMOS,huamampampa,2019-01,12640.52,1111.45,741.02,30.26
79164,Pp.St.R-1003-h,RAMOS,huamampampa,2019-02,11505.72,1037.78,684.31,27.77
79164,Pp.St.R-1003-h,RAMOS,huamampampa,2019-03,12527.42,1175.43,768.89,30.71
79164,Pp.St.R-1003-h,RAMOS,huamampampa,2019-04,12200.68,1103.72,730.12,29.82
79164,Pp.St.R-1003-h,RAMOS,huamampampa,2019-05,12607.14,1155.41,736.03,30.6
79164,Pp.St.R-1003-h,RAMOS,huamampampa,2019-06,12677.72,1218.58,706.23,29.52
79164,Pp.St.R-1003-h,RAMOS,huamampampa,2019-07,13423.83,1054.72,701.89,28.02
79164,Pp.St.R-1003-h,RAMOS,huamampampa,2019-08,13665.23,1084.05,721.02,30.59
79164,Pp.St.R-1003-h,RAMOS,huamampampa,2019-09,13039.17,986.09,448.33,28.65
79164,Pp.St.R-1003-h,RAMOS,huamampampa,2019-10,13706.64,959.88,289.86,30.0
79164,Pp.St.R-1003-h,RAMOS,huamampampa,2019-11,13149.85,794.83,344.18,28.01
79164,Pp.St.R-1003-h,RAMOS,huamampampa,2019-12,13327.96,799.35,305.94,28.41
79164,Pp.St.R-1003-h,RAMOS,huamampampa,2020-01,12836.15,971.89,235.48,30.06
79164,Pp.St.R-1003-h,RAMOS,huamampampa,2020-02,11297.35,882.21,203.55,24.17
79164,Pp.St.R-1003-h,RAMOS,huamampampa,2020-03,12937.26,960.22,267.18,30.52
79164,Pp.St.R-1003-h,RAMOS,huamampampa,2020-04,12523.91,915.83,236.92,28.8
79164,Pp.St.R-1003-h,RAMOS,huamampampa,2020-05,12933.52,970.18,240.63,30.18
79164,Pp.St.R-1003-h,RAMOS,huamampampa,2020-06,12670.36,962.78,483.3,28.77
79164,Pp.St.R-1003-h,RAMOS,huamampampa,2020-07,13264.85,1052.68,627.0,30.42
79164,Pp.St.R-1003-h,RAMOS,huamampampa,2020-08,13007.65,1080.1,640.26,30.76
79164,Pp.St.R-1003-h,RAMOS,huamampampa,2020-09,12793.14,1012.73,611.29,28.93
79164,Pp.St.R-1003-h,RAMOS,huamampampa,2020-10,12698.95,1026.61,632.51,30.17
79164,Pp.St.R-1003-h,RAMOS,huamampampa,2020-11,12122.71,997.83,623.02,29.06
79164,Pp.St.R-1003-h,RAMOS,huamampampa,2020-12,12374.74,1008.8,619.97,29.55
79164,Pp.St.R-1003-h,RAMOS,huamampampa,2021-01,12232.17,958.1,596.19,30.11
79164,Pp.St.R-1003-h,RAMOS,huamampampa,2021-02,10912.94,882.69,527.1,27.55
79164,Pp.St.R-1003-h,RAMOS,huamampampa,2021-03,12087.25,965.34,572.84,30.52
79164,Pp.St.R-1003-h,RAMOS,huamampampa,2021-04,11752.53,995.14,625.11,28.41
79164,Pp.St.R-1003-h,RAMOS,huamampampa,2021-05,12144.11,1038.5,641.67,28.31
79164,Pp.St.R-1003-h,RAMOS,huamampampa,2021-06,11780.92,1026.05,611.26,29.75
79164,Pp.St.R-1003-h,RAMOS,huamampampa,2021-07,12108.05,1023.55,625.64,30.54
79164,Pp.St.R-1003-h,RAMOS,huamampampa,2021-08,11700.65,997.9,602.54,29.3
79164,Pp.St.R-1003-h,RAMOS,huamampampa,2021-09,11707.52,998.32,606.11,28.84
79164,Pp.St.R-1003-h,RAMOS,huamampampa,2021-10,10663.2,924.9,535.7,27.44
79164,Pp.St.R-1003-h,RAMOS,huamampampa,2021-11,11660.68,988.07,599.54,29.69
79164,Pp.St.R-1003-h,RAMOS,huamampampa,2021-12,12131.41,1005.89,565.77,30.78
79164,Pp.St.R-1003-h,RAMOS,huamampampa,2022-01,11845.62,986.07,560.34,30.45
79164,Pp.St.R-1003-h,RAMOS,huamampampa,2022-02,10673.64,899.79,474.9,25.42
79164,Pp.St.R-1003-h,RAMOS,huamampampa,2022-03,12173.72,971.11,409.83,30.49
79164,Pp.St.R-1003-h,RAMOS,huamampampa,2022-04,11796.98,973.86,389.54,28.34
79164,Pp.St.R-1003-h,RAMOS,huamampampa,2022-05,12244.12,993.97,409.86,30.28
79164,Pp.St.R-1003-h,RAMOS,huamampampa,2022-06,11804.85,939.21,408.03,29.08
79164,Pp.St.R-1003-h,RAMOS,huamampampa,2022-07,12297.56,994.62,405.11,30.71
79164,Pp.St.R-1003-h,RAMOS,huamampampa,2022-08,12430.63,1017.15,408.38,29.7
79164,Pp.St.R-1003-h,RAMOS,huamampampa,2022-09,12374.78,1025.7,389.45,27.81
79164,Pp.St.R-1003-h,RAMOS,huamampampa,2022-10,12496.44,996.58,389.27,25.54
79164,Pp.St.R-1003-h,RAMOS,huamampampa,2022-11,12080.75,1024.2,388.8,25.67
79164,Pp.St.R-1003-h,RAMOS,huamampampa,2022-12,12451.28,1045.99,400.11,27.56
79164,Pp.St.R-1003-h,RAMOS,huamampampa,2023-01,12418.5,1017.37,400.51,27.04
79164,Pp.St.R-1003-h,RAMOS,huamampampa,2023-02,11633.92,962.81,385.91,25.23
79164,Pp.St.R-1003-h,RAMOS,huamampampa,2023-03,12560.91,1047.54,424.32,26.17
79164,Pp.St.R-1003-h,RAMOS,huamampampa,2023-04,12245.8,990.71,409.06,28.41
79164,Pp.St.R-1003-h,RAMOS,huamampampa,2023-05,12631.89,1038.16,427.71,27.41
79164,Pp.St.R-1003-h,RAMOS,huamampampa,2023-06,12506.3,992.61,415.06,28.28
79164,Pp.St.R-1003-h,RAMOS,huamampampa,2023-07,12738.98,1018.06,415.98,29.32
79164,Pp.St.R-1003-h,RAMOS,huamampampa,2023-08,12551.53,988.46,407.1,28.16
79164,Pp.St.R-1003-h,RAMOS,huamampampa,2023-09,12419.93,1037.35,409.43,29.13
79164,Pp.St.R-1003-h,RAMOS,huamampampa,2023-10,12627.27,1037.27,426.19,29.32
79164,Pp.St.R-1003-h,RAMOS,huamampampa,2023-11,12325.42,1068.01,437.87,28.27
79164,Pp.St.R-1003-h,RAMOS,huamampampa,2023-12,12790.25,1094.35,453.26,29.49
79164,Pp.St.R-1003-h,RAMOS,huamampampa,2024-01,12738.34,1090.39,457.57,28.7
79164,Pp.St.R-1003-h,RAMOS,huamampampa,2024-02,11725.59,992.77,420.63,26.41
79164,Pp.St.R-1003-h,RAMOS,huamampampa,2024-03,12658.32,1084.21,450.43,28.58
79164,Pp.St.R-1003-h,RAMOS,huamampampa,2024-04,12119.01,1028.24,436.04,28.22
79164,Pp.St.R-1003-h,RAMOS,huamampampa,2024-05,12454.29,1000.76,442.8,26.32
79164,Pp.St.R-1003-h,RAMOS,huamampampa,2024-06,11682.62,957.52,395.03,20.09
79164,Pp.St.R-1003-h,RAMOS,huamampampa,2024-07,12009.63,1016.66,412.56,29.95
79164,Pp.St.R-1003-h,RAMOS,huamampampa,2024-08,12291.66,1025.18,413.09,30.69
79164,Pp.St.R-1003-h,RAMOS,huamampampa,2024-09,11601.98,977.23,352.7,29.48
79164,Pp.St.R-1003-h,RAMOS,huamampampa,2024-10,11920.87,1010.8,363.94,30.84
79164,Pp.St.R-1003-h,RAMOS,huamampampa,2024-11,11274.21,967.25,344.66,29.25
79164,Pp.St.R-1003-h,RAMOS,huamampampa,2024-12,11132.46,1034.97,360.84,30.76
79164,Pp.St.R-1003-h,RAMOS,huamampampa,2025-01,9356.65,868.05,308.31,30.19
79164,Pp.St.R-1003-h,RAMOS,huamampampa,2025-02,9660.84,873.93,270.03,26.58
79164,Pp.St.R-1003-h,RAMOS,huamampampa,2025-03,10826.49,972.18,266.6,29.6
79164,Pp.St.R-1003-h,RAMOS,huamampampa,2025-04,10704.02,933.37,257.93,29.48
79164,Pp.St.R-1003-h,RAMOS,huamampampa,2025-05,10951.76,909.4,261.01,31.0
79164,Pp.St.R-1003-h,RAMOS,huamampampa,2025-06,10594.05,830.77,274.86,30.0
79164,Pp.St.R-1003-h,RAMOS,huamampampa,2025-07,10889.74,934.39,325.81,30.0
79164,Pp.St.R-1003-h,RAMOS,huamampampa,2025-08,10661.74,934.98,345.19,30.0
79164,Pp.St.R-1003-h,RAMOS,huamampampa,2025-09,10597.31,924.45,354.85,30.0
79164,Pp.St.R-1003-h,RAMOS,huamampampa,2025-10,10995.76,884.05,362.45,31.0
79164,Pp.St.R-1003-h,RAMOS,huamampampa,2025-11,10583.1,851.87,328.95,30.0
79164,Pp.St.R-1003-h,RAMOS,huamampampa,2025-12,10405.16,850.31,341.85,31.0
79164,Pp.St.R-1003-h,RAMOS,huamampampa,2026-01,10161.59,835.3,364.27,31.0
79164,Pp.St.R-1003-h,RAMOS,huamampampa,2026-02,9303.24,744.88,329.27,28.0
79164,Pp.St.R-1003-h,RAMOS,huamampampa,2026-03,10489.68,848.15,345.72,31.0
79164,Pp.St.R-1003-h,RAMOS,huamampampa,2026-04,10025.51,813.58,334.92,30.0
79164,Pp.St.R-1003-h,RAMOS,huamampampa,2026-05,10151.62,806.44,321.95,31.0
79164,Pp.St.R-1003-h,RAMOS,huamampampa,2026-06,9720.96,742.8,286.22,30.0
79177,Pp.St.R-1011-I,RAMOS,huamampampa,2019-01,3808.93,285.11,455.63,30.55
79177,Pp.St.R-1011-I,RAMOS,huamampampa,2019-02,3480.5,254.59,421.44,27.84
79177,Pp.St.R-1011-I,RAMOS,huamampampa,2019-03,3713.95,268.3,450.11,29.14
79177,Pp.St.R-1011-I,RAMOS,huamampampa,2019-04,3226.61,225.69,399.7,25.52
79177,Pp.St.R-1011-I,RAMOS,huamampampa,2019-05,3754.71,260.28,460.92,29.64
79177,Pp.St.R-1011-I,RAMOS,huamampampa,2019-06,3669.88,252.2,452.06,29.25
79177,Pp.St.R-1011-I,RAMOS,huamampampa,2019-07,3691.33,276.0,468.55,28.56
79177,Pp.St.R-1011-I,RAMOS,huamampampa,2019-08,3674.66,275.66,461.33,30.15
79177,Pp.St.R-1011-I,RAMOS,huamampampa,2019-09,3515.87,291.82,501.21,29.71
79177,Pp.St.R-1011-I,RAMOS,huamampampa,2019-10,3581.2,308.54,539.22,30.29
79177,Pp.St.R-1011-I,RAMOS,huamampampa,2019-11,3394.4,281.87,496.39,26.6
79177,Pp.St.R-1011-I,RAMOS,huamampampa,2019-12,3540.09,273.47,533.72,28.49
79177,Pp.St.R-1011-I,RAMOS,huamampampa,2020-01,3543.73,271.82,566.72,29.77
79177,Pp.St.R-1011-I,RAMOS,huamampampa,2020-02,3231.47,246.56,517.91,24.45
79177,Pp.St.R-1011-I,RAMOS,huamampampa,2020-03,3527.27,271.7,585.05,30.74
79177,Pp.St.R-1011-I,RAMOS,huamampampa,2020-04,3289.79,254.28,562.35,29.09
79177,Pp.St.R-1011-I,RAMOS,huamampampa,2020-05,3405.37,265.53,563.04,30.06
79177,Pp.St.R-1011-I,RAMOS,huamampampa,2020-06,3259.69,241.75,499.74,28.47
79177,Pp.St.R-1011-I,RAMOS,huamampampa,2020-07,3435.26,259.48,520.51,30.5
79177,Pp.St.R-1011-I,RAMOS,huamampampa,2020-08,3371.59,267.25,521.9,30.73
79177,Pp.St.R-1011-I,RAMOS,huamampampa,2020-09,3193.18,250.73,491.87,28.81
79177,Pp.St.R-1011-I,RAMOS,huamampampa,2020-10,3211.68,245.82,500.04,29.92
79177,Pp.St.R-1011-I,RAMOS,huamampampa,2020-11,2967.22,230.76,476.03,28.17
79177,Pp.St.R-1011-I,RAMOS,huamampampa,2020-12,2732.6,209.68,424.72,26.01
79177,Pp.St.R-1011-I,RAMOS,huamampampa,2021-01,2843.68,224.9,539.57,27.3
79177,Pp.St.R-1011-I,RAMOS,huamampampa,2021-02,2573.98,245.81,638.28,25.32
79177,Pp.St.R-1011-I,RAMOS,huamampampa,2021-03,3106.96,293.04,750.74,30.43
79177,Pp.St.R-1011-I,RAMOS,huamampampa,2021-04,2684.91,223.13,565.74,25.57
79177,Pp.St.R-1011-I,RAMOS,huamampampa,2021-05,2746.98,222.51,490.67,26.95
79177,Pp.St.R-1011-I,RAMOS,huamampampa,2021-06,2743.84,225.14,478.85,26.9
79177,Pp.St.R-1011-I,RAMOS,huamampampa,2021-07,2788.8,221.83,484.03,27.4
79177,Pp.St.R-1011-I,RAMOS,huamampampa,2021-08,2723.33,218.66,471.56,26.44
79177,Pp.St.R-1011-I,RAMOS,huamampampa,2021-09,2715.12,221.39,472.03,26.65
79177,Pp.St.R-1011-I,RAMOS,huamampampa,2021-10,2873.03,232.89,489.91,28.29
79177,Pp.St.R-1011-I,RAMOS,huamampampa,2021-11,2680.88,213.89,467.47,26.73
79177,Pp.St.R-1011-I,RAMOS,huamampampa,2021-12,2360.67,186.18,492.82,30.37
79177,Pp.St.R-1011-I,RAMOS,huamampampa,2022-01,2191.44,173.58,463.79,28.56
79177,Pp.St.R-1011-I,RAMOS,huamampampa,2022-02,2154.43,173.55,447.63,26.21
79177,Pp.St.R-1011-I,RAMOS,huamampampa,2022-03,2291.42,178.51,478.03,30.29
79177,Pp.St.R-1011-I,RAMOS,huamampampa,2022-04,2233.59,180.68,457.25,28.32
79177,Pp.St.R-1011-I,RAMOS,huamampampa,2022-05,2325.48,184.9,482.51,30.36
79177,Pp.St.R-1011-I,RAMOS,huamampampa,2022-06,2234.15,174.27,478.9,28.91
79177,Pp.St.R-1011-I,RAMOS,huamampampa,2022-07,2338.17,185.26,477.53,30.82
79177,Pp.St.R-1011-I,RAMOS,huamampampa,2022-08,2252.49,181.43,469.23,29.08
79177,Pp.St.R-1011-I,RAMOS,huamampampa,2022-09,2143.37,176.8,456.04,27.83
79177,Pp.St.R-1011-I,RAMOS,huamampampa,2022-10,2164.18,171.87,456.12,25.11
79177,Pp.St.R-1011-I,RAMOS,huamampampa,2022-11,2103.13,176.68,455.7,27.65
79177,Pp.St.R-1011-I,RAMOS,huamampampa,2022-12,2107.11,175.25,455.1,28.98
79177,Pp.St.R-1011-I,RAMOS,huamampampa,2023-01,2130.96,173.6,464.15,27.48
79177,Pp.St.R-1011-I,RAMOS,huamampampa,2023-02,1919.47,157.33,411.08,27.38
79177,Pp.St.R-1011-I,RAMOS,huamampampa,2023-03,2085.74,172.64,448.48,25.26
79177,Pp.St.R-1011-I,RAMOS,huamampampa,2023-04,2023.66,162.82,431.1,28.59
79177,Pp.St.R-1011-I,RAMOS,huamampampa,2023-05,2060.02,168.1,444.04,27.16
79177,Pp.St.R-1011-I,RAMOS,huamampampa,2023-06,2032.56,160.67,428.14,28.47
79177,Pp.St.R-1011-I,RAMOS,huamampampa,2023-07,2094.12,165.86,434.6,29.25
79177,Pp.St.R-1011-I,RAMOS,huamampampa,2023-08,2092.0,163.43,431.39,28.5
79177,Pp.St.R-1011-I,RAMOS,huamampampa,2023-09,2005.27,165.38,420.08,28.54
79177,Pp.St.R-1011-I,RAMOS,huamampampa,2023-10,2065.5,168.58,438.09,29.58
79177,Pp.St.R-1011-I,RAMOS,huamampampa,2023-11,1917.35,166.22,415.14,28.4
79177,Pp.St.R-1011-I,RAMOS,huamampampa,2023-12,1986.35,169.99,429.03,29.58
79177,Pp.St.R-1011-I,RAMOS,huamampampa,2024-01,1978.52,169.42,433.18,28.78
79177,Pp.St.R-1011-I,RAMOS,huamampampa,2024-02,1793.28,151.76,391.7,26.06
79177,Pp.St.R-1011-I,RAMOS,huamampampa,2024-03,1943.91,167.87,423.92,29.0
79177,Pp.St.R-1011-I,RAMOS,huamampampa,2024-04,1918.65,162.44,420.68,28.44
79177,Pp.St.R-1011-I,RAMOS,huamampampa,2024-05,1960.87,157.79,424.98,26.82
79177,Pp.St.R-1011-I,RAMOS,huamampampa,2024-06,1825.84,148.74,372.4,19.5
79177,Pp.St.R-1011-I,RAMOS,huamampampa,2024-07,1909.79,161.53,394.43,30.35
79177,Pp.St.R-1011-I,RAMOS,huamampampa,2024-08,1969.73,161.48,392.06,30.83
79177,Pp.St.R-1011-I,RAMOS,huamampampa,2024-09,1920.52,159.6,389.43,29.67
79177,Pp.St.R-1011-I,RAMOS,huamampampa,2024-10,1973.84,165.01,405.25,30.96
79177,Pp.St.R-1011-I,RAMOS,huamampampa,2024-11,1912.44,159.91,388.57,29.73
79177,Pp.St.R-1011-I,RAMOS,huamampampa,2024-12,1976.98,164.49,403.37,30.99
79177,Pp.St.R-1011-I,RAMOS,huamampampa,2025-01,1963.99,158.1,394.41,30.25
79177,Pp.St.R-1011-I,RAMOS,huamampampa,2025-02,1772.06,137.97,352.02,25.43
79177,Pp.St.R-1011-I,RAMOS,huamampampa,2025-03,1888.41,154.75,389.95,29.6
79177,Pp.St.R-1011-I,RAMOS,huamampampa,2025-04,1676.55,148.14,376.19,29.4
79177,Pp.St.R-1011-I,RAMOS,huamampampa,2025-05,1487.91,131.71,340.41,31.0
79177,Pp.St.R-1011-I,RAMOS,huamampampa,2025-06,1483.54,114.8,440.82,30.0
79177,Pp.St.R-1011-I,RAMOS,huamampampa,2025-07,1656.37,129.62,473.78,30.0
79177,Pp.St.R-1011-I,RAMOS,huamampampa,2025-08,1695.14,134.77,474.53,30.0
79177,Pp.St.R-1011-I,RAMOS,huamampampa,2025-09,1666.13,142.52,447.32,30.0
79177,Pp.St.R-1011-I,RAMOS,huamampampa,2025-10,1746.51,144.38,456.75,31.0
79177,Pp.St.R-1011-I,RAMOS,huamampampa,2025-11,1676.86,139.03,411.79,30.0
79177,Pp.St.R-1011-I,RAMOS,huamampampa,2025-12,1740.33,146.29,432.14,31.0
79177,Pp.St.R-1011-I,RAMOS,huamampampa,2026-01,1736.42,146.42,463.52,31.0
79177,Pp.St.R-1011-I,RAMOS,huamampampa,2026-02,1507.33,124.89,418.98,28.0
79177,Pp.St.R-1011-I,RAMOS,huamampampa,2026-03,1682.13,145.63,470.04,31.0
79177,Pp.St.R-1011-I,RAMOS,huamampampa,2026-04,1658.68,147.71,476.92,30.0
79177,Pp.St.R-1011-I,RAMOS,huamampampa,2026-05,1692.82,149.2,490.18,31.0
79177,Pp.St.R-1011-I,RAMOS,huamampampa,2026-06,1659.43,139.51,443.14,30.0
127112,TPT.St.Ag.xp-1(ST4),AGUARAGÜE,santa rosa,2019-01,7533.42,32.48,485.08,31.0
127112,TPT.St.Ag.xp-1(ST4),AGUARAGÜE,santa rosa,2019-02,6812.83,29.12,441.68,28.0
127112,TPT.St.Ag.xp-1(ST4),AGUARAGÜE,santa rosa,2019-03,7067.02,31.52,489.77,31.0
127112,TPT.St.Ag.xp-1(ST4),AGUARAGÜE,santa rosa,2019-04,7123.41,31.38,475.72,30.0
127112,TPT.St.Ag.xp-1(ST4),AGUARAGÜE,santa rosa,2019-05,6949.56,32.35,490.18,31.0
127112,TPT.St.Ag.xp-1(ST4),AGUARAGÜE,santa rosa,2019-06,7012.35,31.17,472.38,30.0
127112,TPT.St.Ag.xp-1(ST4),AGUARAGÜE,santa rosa,2019-07,7264.34,31.33,459.87,31.0
127112,TPT.St.Ag.xp-1(ST4),AGUARAGÜE,santa rosa,2019-08,7172.5,30.85,465.6,31.0
127112,TPT.St.Ag.xp-1(ST4),AGUARAGÜE,santa rosa,2019-09,6829.4,34.16,481.63,30.0
127112,TPT.St.Ag.xp-1(ST4),AGUARAGÜE,santa rosa,2019-10,6982.67,31.2,506.21,31.0
127112,TPT.St.Ag.xp-1(ST4),AGUARAGÜE,santa rosa,2019-11,6819.75,26.54,479.36,30.0
127112,TPT.St.Ag.xp-1(ST4),AGUARAGÜE,santa rosa,2019-12,7022.62,31.54,499.21,31.0
127112,TPT.St.Ag.xp-1(ST4),AGUARAGÜE,santa rosa,2020-01,6822.36,33.25,507.87,31.0
127112,TPT.St.Ag.xp-1(ST4),AGUARAGÜE,santa rosa,2020-02,6370.35,31.82,486.32,29.0
127112,TPT.St.Ag.xp-1(ST4),AGUARAGÜE,santa rosa,2020-03,6746.05,33.15,528.94,31.0
127112,TPT.St.Ag.xp-1(ST4),AGUARAGÜE,santa rosa,2020-04,6467.95,32.37,523.41,30.0
127112,TPT.St.Ag.xp-1(ST4),AGUARAGÜE,santa rosa,2020-05,6704.37,32.98,480.8,31.0
127112,TPT.St.Ag.xp-1(ST4),AGUARAGÜE,santa rosa,2020-06,6414.79,37.34,459.72,30.0
127112,TPT.St.Ag.xp-1(ST4),AGUARAGÜE,santa rosa,2020-07,6587.51,38.29,476.38,31.0
127112,TPT.St.Ag.xp-1(ST4),AGUARAGÜE,santa rosa,2020-08,6564.35,32.76,473.26,31.0
127112,TPT.St.Ag.xp-1(ST4),AGUARAGÜE,santa rosa,2020-09,6295.22,32.22,477.81,30.0
127112,TPT.St.Ag.xp-1(ST4),AGUARAGÜE,santa rosa,2020-10,6488.74,32.03,505.81,31.0
127112,TPT.St.Ag.xp-1(ST4),AGUARAGÜE,santa rosa,2020-11,6202.64,42.01,507.16,30.0
127112,TPT.St.Ag.xp-1(ST4),AGUARAGÜE,santa rosa,2020-12,6373.52,32.04,553.75,31.0
127112,TPT.St.Ag.xp-1(ST4),AGUARAGÜE,santa rosa,2021-01,6343.57,32.23,544.26,31.0
127112,TPT.St.Ag.xp-1(ST4),AGUARAGÜE,santa rosa,2021-02,5658.09,27.84,461.06,28.0
127112,TPT.St.Ag.xp-1(ST4),AGUARAGÜE,santa rosa,2021-03,6237.75,30.04,455.89,30.8
127112,TPT.St.Ag.xp-1(ST4),AGUARAGÜE,santa rosa,2021-04,6035.27,24.81,414.14,29.96
127112,TPT.St.Ag.xp-1(ST4),AGUARAGÜE,santa rosa,2021-05,5976.84,20.75,433.51,31.0
127112,TPT.St.Ag.xp-1(ST4),AGUARAGÜE,santa rosa,2021-06,5982.94,18.3,428.13,30.0
127112,TPT.St.Ag.xp-1(ST4),AGUARAGÜE,santa rosa,2021-07,6220.24,18.02,459.68,31.0
127112,TPT.St.Ag.xp-1(ST4),AGUARAGÜE,santa rosa,2021-08,6329.19,22.67,452.29,30.92
127112,TPT.St.Ag.xp-1(ST4),AGUARAGÜE,santa rosa,2021-09,5950.47,27.27,479.59,30.0
127112,TPT.St.Ag.xp-1(ST4),AGUARAGÜE,santa rosa,2021-10,6186.45,27.5,493.63,31.0
127112,TPT.St.Ag.xp-1(ST4),AGUARAGÜE,santa rosa,2021-11,6036.01,28.74,481.06,30.0
127112,TPT.St.Ag.xp-1(ST4),AGUARAGÜE,santa rosa,2021-12,6088.18,31.08,463.07,31.0
127112,TPT.St.Ag.xp-1(ST4),AGUARAGÜE,santa rosa,2022-01,6073.75,34.17,455.62,31.0
127112,TPT.St.Ag.xp-1(ST4),AGUARAGÜE,santa rosa,2022-02,5433.84,31.56,412.07,28.0
127112,TPT.St.Ag.xp-1(ST4),AGUARAGÜE,santa rosa,2022-03,5927.93,36.74,420.0,31.0
127112,TPT.St.Ag.xp-1(ST4),AGUARAGÜE,santa rosa,2022-04,5679.47,32.88,407.96,30.0
127112,TPT.St.Ag.xp-1(ST4),AGUARAGÜE,santa rosa,2022-05,5797.77,30.77,414.39,30.44
127112,TPT.St.Ag.xp-1(ST4),AGUARAGÜE,santa rosa,2022-06,5352.71,18.49,412.93,30.0
127112,TPT.St.Ag.xp-1(ST4),AGUARAGÜE,santa rosa,2022-07,5837.53,19.2,462.23,31.0
127112,TPT.St.Ag.xp-1(ST4),AGUARAGÜE,santa rosa,2022-08,5723.76,21.09,488.95,30.71
127112,TPT.St.Ag.xp-1(ST4),AGUARAGÜE,santa rosa,2022-09,5536.4,21.19,472.19,30.0
127112,TPT.St.Ag.xp-1(ST4),AGUARAGÜE,santa rosa,2022-10,5617.2,27.41,472.84,31.0
127112,TPT.St.Ag.xp-1(ST4),AGUARAGÜE,santa rosa,2022-11,5442.22,35.2,466.23,30.0
127112,TPT.St.Ag.xp-1(ST4),AGUARAGÜE,santa rosa,2022-12,5539.7,37.38,463.05,31.0
127112,TPT.St.Ag.xp-1(ST4),AGUARAGÜE,santa rosa,2023-01,5528.78,35.59,439.07,31.0
127112,TPT.St.Ag.xp-1(ST4),AGUARAGÜE,santa rosa,2023-02,5350.02,22.92,497.76,28.0
127112,TPT.St.Ag.xp-1(ST4),AGUARAGÜE,santa rosa,2023-03,5560.2,23.71,517.54,31.0
127112,TPT.St.Ag.xp-1(ST4),AGUARAGÜE,santa rosa,2023-04,5284.88,21.17,481.42,30.0
127112,TPT.St.Ag.xp-1(ST4),AGUARAGÜE,santa rosa,2023-05,5430.37,22.15,432.44,31.0
127112,TPT.St.Ag.xp-1(ST4),AGUARAGÜE,santa rosa,2023-06,5245.07,21.45,402.7,30.0
127112,TPT.St.Ag.xp-1(ST4),AGUARAGÜE,santa rosa,2023-07,5407.44,22.39,425.33,31.0
127112,TPT.St.Ag.xp-1(ST4),AGUARAGÜE,santa rosa,2023-08,5340.54,20.07,415.99,31.0
127112,TPT.St.Ag.xp-1(ST4),AGUARAGÜE,santa rosa,2023-09,5107.78,16.2,404.33,30.0
127112,TPT.St.Ag.xp-1(ST4),AGUARAGÜE,santa rosa,2023-10,5329.28,19.37,398.27,31.0
127112,TPT.St.Ag.xp-1(ST4),AGUARAGÜE,santa rosa,2023-11,5079.54,18.86,411.97,30.0
127112,TPT.St.Ag.xp-1(ST4),AGUARAGÜE,santa rosa,2023-12,5172.81,20.06,501.32,31.0
127112,TPT.St.Ag.xp-1(ST4),AGUARAGÜE,santa rosa,2024-01,5174.76,21.94,526.41,31.0
127112,TPT.St.Ag.xp-1(ST4),AGUARAGÜE,santa rosa,2024-02,4811.62,20.2,484.23,29.0
127112,TPT.St.Ag.xp-1(ST4),AGUARAGÜE,santa rosa,2024-03,5068.21,21.42,431.48,31.0
127112,TPT.St.Ag.xp-1(ST4),AGUARAGÜE,santa rosa,2024-04,4819.98,19.88,405.16,30.0
127112,TPT.St.Ag.xp-1(ST4),AGUARAGÜE,santa rosa,2024-05,4946.16,20.71,417.29,31.0
127112,TPT.St.Ag.xp-1(ST4),AGUARAGÜE,santa rosa,2024-06,4817.86,19.13,406.86,30.0
127112,TPT.St.Ag.xp-1(ST4),AGUARAGÜE,santa rosa,2024-07,4975.83,21.92,419.37,31.0
127112,TPT.St.Ag.xp-1(ST4),AGUARAGÜE,santa rosa,2024-08,5022.42,24.41,426.03,31.0
127112,TPT.St.Ag.xp-1(ST4),AGUARAGÜE,santa rosa,2024-09,4836.56,24.87,411.7,30.0
127112,TPT.St.Ag.xp-1(ST4),AGUARAGÜE,santa rosa,2024-10,4863.45,27.08,401.28,30.79
127112,TPT.St.Ag.xp-1(ST4),AGUARAGÜE,santa rosa,2024-11,4346.18,28.36,386.6,30.0
127112,TPT.St.Ag.xp-1(ST4),AGUARAGÜE,santa rosa,2024-12,4452.93,27.51,391.84,31.0
127112,TPT.St.Ag.xp-1(ST4),AGUARAGÜE,santa rosa,2025-01,4853.62,28.48,395.85,31.0
127112,TPT.St.Ag.xp-1(ST4),AGUARAGÜE,santa rosa,2025-02,4480.4,27.04,376.73,28.0
127112,TPT.St.Ag.xp-1(ST4),AGUARAGÜE,santa rosa,2025-03,4848.9,26.45,417.91,31.0
127112,TPT.St.Ag.xp-1(ST4),AGUARAGÜE,santa rosa,2025-04,4628.89,25.19,405.49,30.0
127112,TPT.St.Ag.xp-1(ST4),AGUARAGÜE,santa rosa,2025-05,4586.75,29.2,398.28,29.42
127112,TPT.St.Ag.xp-1(ST4),AGUARAGÜE,santa rosa,2025-06,4667.46,52.89,403.8,30.0
127112,TPT.St.Ag.xp-1(ST4),AGUARAGÜE,santa rosa,2025-07,4810.36,28.07,403.85,31.0
127112,TPT.St.Ag.xp-1(ST4),AGUARAGÜE,santa rosa,2025-08,4780.3,20.08,396.03,31.0
127112,TPT.St.Ag.xp-1(ST4),AGUARAGÜE,santa rosa,2025-09,4921.48,38.38,431.04,30.0
127112,TPT.St.Ag.xp-1(ST4),AGUARAGÜE,santa rosa,2025-10,4550.6,29.45,480.85,30.5
127112,TPT.St.Ag.xp-1(ST4),AGUARAGÜE,santa rosa,2025-11,4448.85,25.21,463.82,30.0
127112,TPT.St.Ag.xp-1(ST4),AGUARAGÜE,santa rosa,2025-12,4534.56,26.81,484.17,31.0
127112,TPT.St.Ag.xp-1(ST4),AGUARAGÜE,santa rosa,2026-01,4428.64,29.33,482.95,31.0
127112,TPT.St.Ag.xp-1(ST4),AGUARAGÜE,santa rosa,2026-02,3909.85,19.48,417.98,27.5
127112,TPT.St.Ag.xp-1(ST4),AGUARAGÜE,santa rosa,2026-03,4488.4,21.53,450.32,30.88
127112,TPT.St.Ag.xp-1(ST4),AGUARAGÜE,santa rosa,2026-04,4318.75,20.71,406.19,29.69
127112,TPT.St.Ag.xp-1(ST4),AGUARAGÜE,santa rosa,2026-05,4532.02,22.3,416.46,30.58
127112,TPT.St.Ag.xp-1(ST4),AGUARAGÜE,santa rosa,2026-06,4352.93,24.05,405.45,30.0
155093,TPT.St.CD-1010,AGUARAGÜE,tupambi,2019-01,0.0,0.0,0.0,0.0
155093,TPT.St.CD-1010,AGUARAGÜE,tupambi,2019-02,0.0,0.0,0.0,0.0
155093,TPT.St.CD-1010,AGUARAGÜE,tupambi,2019-03,0.0,0.0,0.0,0.0
155093,TPT.St.CD-1010,AGUARAGÜE,tupambi,2019-04,0.0,0.0,0.0,0.0
155093,TPT.St.CD-1010,AGUARAGÜE,tupambi,2019-05,0.0,0.0,0.0,0.0
155093,TPT.St.CD-1010,AGUARAGÜE,tupambi,2019-06,0.0,0.0,0.0,0.0
155093,TPT.St.CD-1010,AGUARAGÜE,tupambi,2019-07,54.73,5.24,125.0,5.0
155093,TPT.St.CD-1010,AGUARAGÜE,tupambi,2019-08,200.34,128.55,528.51,30.62
155093,TPT.St.CD-1010,AGUARAGÜE,tupambi,2019-09,182.24,114.47,334.91,19.98
155093,TPT.St.CD-1010,AGUARAGÜE,tupambi,2019-10,235.66,157.81,521.87,29.31
155093,TPT.St.CD-1010,AGUARAGÜE,tupambi,2019-11,424.96,204.2,530.74,30.0
155093,TPT.St.CD-1010,AGUARAGÜE,tupambi,2019-12,1085.41,292.39,477.86,31.0
155093,TPT.St.CD-1010,AGUARAGÜE,tupambi,2020-01,1323.44,342.25,468.48,31.0
155093,TPT.St.CD-1010,AGUARAGÜE,tupambi,2020-02,1493.51,368.87,442.64,29.0
155093,TPT.St.CD-1010,AGUARAGÜE,tupambi,2020-03,1822.22,422.39,463.93,30.96
155093,TPT.St.CD-1010,AGUARAGÜE,tupambi,2020-04,1878.41,444.88,419.2,30.0
155093,TPT.St.CD-1010,AGUARAGÜE,tupambi,2020-05,1957.81,444.07,449.37,31.0
155093,TPT.St.CD-1010,AGUARAGÜE,tupambi,2020-06,1965.48,433.36,452.79,30.0
155093,TPT.St.CD-1010,AGUARAGÜE,tupambi,2020-07,2045.01,457.61,479.88,31.0
155093,TPT.St.CD-1010,AGUARAGÜE,tupambi,2020-08,2110.87,456.21,467.21,31.0
155093,TPT.St.CD-1010,AGUARAGÜE,tupambi,2020-09,2000.18,432.75,439.36,29.48
155093,TPT.St.CD-1010,AGUARAGÜE,tupambi,2020-10,2037.79,428.52,442.97,31.0
155093,TPT.St.CD-1010,AGUARAGÜE,tupambi,2020-11,1957.05,408.76,414.86,30.0
155093,TPT.St.CD-1010,AGUARAGÜE,tupambi,2020-12,1988.06,423.13,427.24,31.0
155093,TPT.St.CD-1010,AGUARAGÜE,tupambi,2021-01,1974.24,413.59,428.41,31.0
155093,TPT.St.CD-1010,AGUARAGÜE,tupambi,2021-02,1869.96,388.4,387.18,28.0
155093,TPT.St.CD-1010,AGUARAGÜE,tupambi,2021-03,2062.6,422.7,428.14,31.0
155093,TPT.St.CD-1010,AGUARAGÜE,tupambi,2021-04,2081.96,652.34,420.43,30.0
155093,TPT.St.CD-1010,AGUARAGÜE,tupambi,2021-05,2230.93,650.66,445.03,31.0
155093,TPT.St.CD-1010,AGUARAGÜE,tupambi,2021-06,2174.73,593.38,431.35,30.0
155093,TPT.St.CD-1010,AGUARAGÜE,tupambi,2021-07,2246.39,639.77,440.2,31.0
155093,TPT.St.CD-1010,AGUARAGÜE,tupambi,2021-08,2242.28,653.33,430.37,30.52
155093,TPT.St.CD-1010,AGUARAGÜE,tupambi,2021-09,2178.01,605.13,420.7,30.0
155093,TPT.St.CD-1010,AGUARAGÜE,tupambi,2021-10,2188.15,597.2,433.32,30.74
155093,TPT.St.CD-1010,AGUARAGÜE,tupambi,2021-11,1997.34,538.81,429.66,29.76
155093,TPT.St.CD-1010,AGUARAGÜE,tupambi,2021-12,2007.02,551.4,480.2,30.81
155093,TPT.St.CD-1010,AGUARAGÜE,tupambi,2022-01,2014.04,551.73,478.52,30.61
155093,TPT.St.CD-1010,AGUARAGÜE,tupambi,2022-02,1722.27,503.29,419.81,27.81
155093,TPT.St.CD-1010,AGUARAGÜE,tupambi,2022-03,1918.57,572.43,455.78,31.0
155093,TPT.St.CD-1010,AGUARAGÜE,tupambi,2022-04,1869.88,581.33,441.47,30.0
155093,TPT.St.CD-1010,AGUARAGÜE,tupambi,2022-05,1963.53,589.65,458.45,30.94
155093,TPT.St.CD-1010,AGUARAGÜE,tupambi,2022-06,1849.81,545.94,446.47,29.98
155093,TPT.St.CD-1010,AGUARAGÜE,tupambi,2022-07,1887.38,552.55,447.37,30.94
155093,TPT.St.CD-1010,AGUARAGÜE,tupambi,2022-08,1957.0,547.99,425.42,30.74
155093,TPT.St.CD-1010,AGUARAGÜE,tupambi,2022-09,1986.42,531.66,378.3,30.0
155093,TPT.St.CD-1010,AGUARAGÜE,tupambi,2022-10,2100.74,558.43,374.56,31.0
155093,TPT.St.CD-1010,AGUARAGÜE,tupambi,2022-11,2072.31,516.61,344.21,28.86
155093,TPT.St.CD-1010,AGUARAGÜE,tupambi,2022-12,2158.22,552.13,358.92,31.0
155093,TPT.St.CD-1010,AGUARAGÜE,tupambi,2023-01,2137.68,562.93,360.75,30.89
155093,TPT.St.CD-1010,AGUARAGÜE,tupambi,2023-02,1924.2,371.38,327.48,28.0
155093,TPT.St.CD-1010,AGUARAGÜE,tupambi,2023-03,2085.59,406.4,362.88,31.0
155093,TPT.St.CD-1010,AGUARAGÜE,tupambi,2023-04,1933.9,386.42,378.76,29.92
155093,TPT.St.CD-1010,AGUARAGÜE,tupambi,2023-05,1927.78,391.47,406.64,31.0
155093,TPT.St.CD-1010,AGUARAGÜE,tupambi,2023-06,1838.85,371.19,393.6,30.0
155093,TPT.St.CD-1010,AGUARAGÜE,tupambi,2023-07,1832.2,378.87,403.8,30.79
155093,TPT.St.CD-1010,AGUARAGÜE,tupambi,2023-08,1820.23,378.43,406.0,31.0
155093,TPT.St.CD-1010,AGUARAGÜE,tupambi,2023-09,1557.69,334.46,383.23,29.46
155093,TPT.St.CD-1010,AGUARAGÜE,tupambi,2023-10,1306.24,301.45,417.66,31.0
155093,TPT.St.CD-1010,AGUARAGÜE,tupambi,2023-11,1674.3,356.3,389.22,30.0
155093,TPT.St.CD-1010,AGUARAGÜE,tupambi,2023-12,1728.88,357.77,403.08,31.0
155093,TPT.St.CD-1010,AGUARAGÜE,tupambi,2024-01,1701.15,349.57,407.68,31.0
155093,TPT.St.CD-1010,AGUARAGÜE,tupambi,2024-02,1591.12,322.63,383.16,29.0
155093,TPT.St.CD-1010,AGUARAGÜE,tupambi,2024-03,1695.85,348.06,410.98,31.0
155093,TPT.St.CD-1010,AGUARAGÜE,tupambi,2024-04,1637.81,334.76,398.65,29.96
155093,TPT.St.CD-1010,AGUARAGÜE,tupambi,2024-05,1674.84,343.32,413.5,31.0
155093,TPT.St.CD-1010,AGUARAGÜE,tupambi,2024-06,1585.85,310.09,390.02,30.0
155093,TPT.St.CD-1010,AGUARAGÜE,tupambi,2024-07,1643.19,296.28,394.42,31.0
155093,TPT.St.CD-1010,AGUARAGÜE,tupambi,2024-08,1695.2,304.15,409.85,31.0
155093,TPT.St.CD-1010,AGUARAGÜE,tupambi,2024-09,1633.04,291.75,395.4,30.0
155093,TPT.St.CD-1010,AGUARAGÜE,tupambi,2024-10,1682.31,290.28,406.8,31.0
155093,TPT.St.CD-1010,AGUARAGÜE,tupambi,2024-11,1519.48,257.36,370.0,30.0
155093,TPT.St.CD-1010,AGUARAGÜE,tupambi,2024-12,1676.5,324.24,410.88,31.0
155093,TPT.St.CD-1010,AGUARAGÜE,tupambi,2025-01,1678.51,329.79,410.13,31.0
155093,TPT.St.CD-1010,AGUARAGÜE,tupambi,2025-02,1489.29,283.26,370.9,28.0
155093,TPT.St.CD-1010,AGUARAGÜE,tupambi,2025-03,1656.05,309.52,410.9,31.0
155093,TPT.St.CD-1010,AGUARAGÜE,tupambi,2025-04,1586.49,295.25,392.55,30.0
155093,TPT.St.CD-1010,AGUARAGÜE,tupambi,2025-05,1642.01,302.24,404.54,31.0
155093,TPT.St.CD-1010,AGUARAGÜE,tupambi,2025-06,1559.93,275.34,391.18,30.0
155093,TPT.St.CD-1010,AGUARAGÜE,tupambi,2025-07,1652.98,334.68,405.3,31.0
155093,TPT.St.CD-1010,AGUARAGÜE,tupambi,2025-08,1721.66,367.43,406.75,31.0
155093,TPT.St.CD-1010,AGUARAGÜE,tupambi,2025-09,1639.68,334.77,389.95,30.0
155093,TPT.St.CD-1010,AGUARAGÜE,tupambi,2025-10,1714.92,347.53,402.77,31.0
155093,TPT.St.CD-1010,AGUARAGÜE,tupambi,2025-11,1751.05,395.78,387.97,30.0
155093,TPT.St.CD-1010,AGUARAGÜE,tupambi,2025-12,1722.4,365.18,399.06,31.0
155093,TPT.St.CD-1010,AGUARAGÜE,tupambi,2026-01,1722.3,322.52,399.42,31.0
155093,TPT.St.CD-1010,AGUARAGÜE,tupambi,2026-02,1556.15,327.72,360.75,28.0
155093,TPT.St.CD-1010,AGUARAGÜE,tupambi,2026-03,1723.13,355.75,398.93,31.0
155093,TPT.St.CD-1010,AGUARAGÜE,tupambi,2026-04,1655.21,322.0,389.08,30.0
155093,TPT.St.CD-1010,AGUARAGÜE,tupambi,2026-05,1722.62,363.65,403.89,31.0
155093,TPT.St.CD-1010,AGUARAGÜE,tupambi,2026-06,1509.25,309.56,393.19,30.0
154216,TPT.St.CD-1011,AGUARAGÜE,tranquitas,2019-01,10760.17,1274.21,267.82,31.0
154216,TPT.St.CD-1011,AGUARAGÜE,tranquitas,2019-02,8144.83,975.6,765.15,28.0
154216,TPT.St.CD-1011,AGUARAGÜE,tranquitas,2019-03,7574.1,915.77,1453.25,30.56
154216,TPT.St.CD-1011,AGUARAGÜE,tranquitas,2019-04,8962.78,1141.35,28.53,30.0
154216,TPT.St.CD-1011,AGUARAGÜE,tranquitas,2019-05,8624.32,1058.66,22.49,31.0
154216,TPT.St.CD-1011,AGUARAGÜE,tranquitas,2019-06,7815.48,977.58,22.15,30.0
154216,TPT.St.CD-1011,AGUARAGÜE,tranquitas,2019-07,7291.09,879.59,46.1,31.0
154216,TPT.St.CD-1011,AGUARAGÜE,tranquitas,2019-08,6813.22,771.09,289.56,31.0
154216,TPT.St.CD-1011,AGUARAGÜE,tranquitas,2019-09,5539.41,650.34,381.34,30.0
154216,TPT.St.CD-1011,AGUARAGÜE,tranquitas,2019-10,6798.82,613.53,561.81,30.73
154216,TPT.St.CD-1011,AGUARAGÜE,tranquitas,2019-11,6451.98,505.08,680.21,30.0
154216,TPT.St.CD-1011,AGUARAGÜE,tranquitas,2019-12,5771.72,559.54,958.85,30.42
154216,TPT.St.CD-1011,AGUARAGÜE,tranquitas,2020-01,5280.11,477.56,1104.08,31.0
154216,TPT.St.CD-1011,AGUARAGÜE,tranquitas,2020-02,4333.27,414.91,1241.77,29.0
154216,TPT.St.CD-1011,AGUARAGÜE,tranquitas,2020-03,4102.38,384.97,1447.98,31.0
154216,TPT.St.CD-1011,AGUARAGÜE,tranquitas,2020-04,3492.54,342.31,1506.3,30.0
154216,TPT.St.CD-1011,AGUARAGÜE,tranquitas,2020-05,3105.12,295.91,1725.6,31.0
154216,TPT.St.CD-1011,AGUARAGÜE,tranquitas,2020-06,2708.43,254.03,1733.66,30.0
154216,TPT.St.CD-1011,AGUARAGÜE,tranquitas,2020-07,2503.6,235.94,1975.21,31.0
154216,TPT.St.CD-1011,AGUARAGÜE,tranquitas,2020-08,1863.96,209.94,1662.67,26.0
154216,TPT.St.CD-1011,AGUARAGÜE,tranquitas,2020-09,6037.99,1029.51,8.47,29.4
154216,TPT.St.CD-1011,AGUARAGÜE,tranquitas,2020-10,8014.18,1348.36,16.26,28.65
154216,TPT.St.CD-1011,AGUARAGÜE,tranquitas,2020-11,8216.11,1277.89,18.8,30.0
154216,TPT.St.CD-1011,AGUARAGÜE,tranquitas,2020-12,8336.45,1256.33,24.68,31.0
154216,TPT.St.CD-1011,AGUARAGÜE,tranquitas,2021-01,7798.51,1160.66,21.48,31.0
154216,TPT.St.CD-1011,AGUARAGÜE,tranquitas,2021-02,6251.02,758.01,6.97,28.0
154216,TPT.St.CD-1011,AGUARAGÜE,tranquitas,2021-03,7155.68,998.7,4.05,31.0
154216,TPT.St.CD-1011,AGUARAGÜE,tranquitas,2021-04,6227.59,904.24,5.76,30.0
154216,TPT.St.CD-1011,AGUARAGÜE,tranquitas,2021-05,5779.57,831.99,6.98,31.0
154216,TPT.St.CD-1011,AGUARAGÜE,tranquitas,2021-06,4901.3,625.77,2.75,30.0
154216,TPT.St.CD-1011,AGUARAGÜE,tranquitas,2021-07,4333.69,611.59,3.24,31.0
154216,TPT.St.CD-1011,AGUARAGÜE,tranquitas,2021-08,3676.41,527.97,3.98,31.0
154216,TPT.St.CD-1011,AGUARAGÜE,tranquitas,2021-09,2877.16,363.0,2.76,30.0
154216,TPT.St.CD-1011,AGUARAGÜE,tranquitas,2021-10,2496.34,317.56,0.0,31.0
154216,TPT.St.CD-1011,AGUARAGÜE,tranquitas,2021-11,2033.49,261.16,5.54,30.0
154216,TPT.St.CD-1011,AGUARAGÜE,tranquitas,2021-12,545.86,81.99,38.25,14.29
154216,TPT.St.CD-1011,AGUARAGÜE,tranquitas,2022-01,0.0,0.0,0.0,0.0
154216,TPT.St.CD-1011,AGUARAGÜE,tranquitas,2022-02,0.0,0.0,0.0,0.0
154216,TPT.St.CD-1011,AGUARAGÜE,tranquitas,2022-03,0.0,0.0,0.0,0.0
154216,TPT.St.CD-1011,AGUARAGÜE,tranquitas,2022-04,0.0,0.0,0.0,0.0
154216,TPT.St.CD-1011,AGUARAGÜE,tranquitas,2022-05,1035.36,163.3,30.26,7.99
154216,TPT.St.CD-1011,AGUARAGÜE,tranquitas,2022-06,2572.53,397.52,415.96,30.0
154216,TPT.St.CD-1011,AGUARAGÜE,tranquitas,2022-07,2146.72,311.65,843.65,30.99
154216,TPT.St.CD-1011,AGUARAGÜE,tranquitas,2022-08,1921.5,264.71,1092.75,31.0
154216,TPT.St.CD-1011,AGUARAGÜE,tranquitas,2022-09,1694.99,238.44,1209.65,30.0
154216,TPT.St.CD-1011,AGUARAGÜE,tranquitas,2022-10,1576.14,233.94,1376.4,31.0
154216,TPT.St.CD-1011,AGUARAGÜE,tranquitas,2022-11,1417.32,183.68,1647.99,29.0
154216,TPT.St.CD-1011,AGUARAGÜE,tranquitas,2022-12,1375.65,199.13,1914.36,30.96
154216,TPT.St.CD-1011,AGUARAGÜE,tranquitas,2023-01,1304.31,209.24,1979.08,31.0
154216,TPT.St.CD-1011,AGUARAGÜE,tranquitas,2023-02,1097.69,160.13,1906.95,28.0
154216,TPT.St.CD-1011,AGUARAGÜE,tranquitas,2023-03,1084.13,161.03,2262.42,30.92
154216,TPT.St.CD-1011,AGUARAGÜE,tranquitas,2023-04,910.83,142.21,2615.48,29.88
154216,TPT.St.CD-1011,AGUARAGÜE,tranquitas,2023-05,887.82,140.86,2634.31,31.0
154216,TPT.St.CD-1011,AGUARAGÜE,tranquitas,2023-06,807.54,133.63,2690.95,30.0
154216,TPT.St.CD-1011,AGUARAGÜE,tranquitas,2023-07,792.11,104.14,2963.95,31.0
154216,TPT.St.CD-1011,AGUARAGÜE,tranquitas,2023-08,747.77,102.91,3127.15,31.0
154216,TPT.St.CD-1011,AGUARAGÜE,tranquitas,2023-09,668.75,89.13,3143.34,29.42
154216,TPT.St.CD-1011,AGUARAGÜE,tranquitas,2023-10,666.32,91.32,3361.58,31.0
154216,TPT.St.CD-1011,AGUARAGÜE,tranquitas,2023-11,610.34,101.67,3106.16,30.0
154216,TPT.St.CD-1011,AGUARAGÜE,tranquitas,2023-12,587.78,75.46,3162.34,31.0
154216,TPT.St.CD-1011,AGUARAGÜE,tranquitas,2024-01,594.24,75.64,3405.64,30.95
154216,TPT.St.CD-1011,AGUARAGÜE,tranquitas,2024-02,572.73,73.61,3397.57,29.0
154216,TPT.St.CD-1011,AGUARAGÜE,tranquitas,2024-03,582.58,86.66,3647.07,31.0
154216,TPT.St.CD-1011,AGUARAGÜE,tranquitas,2024-04,501.42,83.31,3538.39,30.0
154216,TPT.St.CD-1011,AGUARAGÜE,tranquitas,2024-05,462.31,83.95,3666.9,31.0
154216,TPT.St.CD-1011,AGUARAGÜE,tranquitas,2024-06,336.44,62.34,3604.69,30.0
154216,TPT.St.CD-1011,AGUARAGÜE,tranquitas,2024-07,307.96,60.15,3737.09,31.0
154216,TPT.St.CD-1011,AGUARAGÜE,tranquitas,2024-08,303.09,56.75,3925.81,31.0
154216,TPT.St.CD-1011,AGUARAGÜE,tranquitas,2024-09,209.92,48.39,2313.16,30.0
154216,TPT.St.CD-1011,AGUARAGÜE,tranquitas,2024-10,292.75,56.47,3406.63,31.0
154216,TPT.St.CD-1011,AGUARAGÜE,tranquitas,2024-11,174.2,36.05,4294.49,29.19
154216,TPT.St.CD-1011,AGUARAGÜE,tranquitas,2024-12,263.99,49.29,4894.66,31.0
154216,TPT.St.CD-1011,AGUARAGÜE,tranquitas,2025-01,266.4,56.56,4966.86,30.4
154216,TPT.St.CD-1011,AGUARAGÜE,tranquitas,2025-02,206.09,41.15,4524.01,27.33
154216,TPT.St.CD-1011,AGUARAGÜE,tranquitas,2025-03,204.21,36.29,4978.2,30.0
154216,TPT.St.CD-1011,AGUARAGÜE,tranquitas,2025-04,197.36,35.68,4783.53,28.85
154216,TPT.St.CD-1011,AGUARAGÜE,tranquitas,2025-05,170.31,30.69,4148.32,25.0
154216,TPT.St.CD-1011,AGUARAGÜE,tranquitas,2025-06,157.02,29.01,4606.24,27.62
154216,TPT.St.CD-1011,AGUARAGÜE,tranquitas,2025-07,223.41,45.43,4720.63,27.83
154216,TPT.St.CD-1011,AGUARAGÜE,tranquitas,2025-08,268.16,54.35,4088.94,23.77
154216,TPT.St.CD-1011,AGUARAGÜE,tranquitas,2025-09,316.56,64.36,5161.0,30.0
154216,TPT.St.CD-1011,AGUARAGÜE,tranquitas,2025-10,290.65,58.53,4670.22,27.08
154216,TPT.St.CD-1011,AGUARAGÜE,tranquitas,2025-11,107.03,26.07,1984.08,11.62
154216,TPT.St.CD-1011,AGUARAGÜE,tranquitas,2025-12,237.42,24.49,4523.04,30.56
154216,TPT.St.CD-1011,AGUARAGÜE,tranquitas,2026-01,172.26,13.6,3584.8,24.73
154216,TPT.St.CD-1011,AGUARAGÜE,tranquitas,2026-02,94.58,9.85,3736.6,26.67
154216,TPT.St.CD-1011,AGUARAGÜE,tranquitas,2026-03,133.76,13.58,4177.57,28.75
154216,TPT.St.CD-1011,AGUARAGÜE,tranquitas,2026-04,0.0,0.0,0.0,0.0
154216,TPT.St.CD-1011,AGUARAGÜE,tranquitas,2026-05,0.0,0.0,0.0,0.0
154216,TPT.St.CD-1011,AGUARAGÜE,tranquitas,2026-06,0.0,0.0,0.0,0.0
159335,TPT.St.CD-1017,AGUARAGÜE,tupambi,2019-01,5233.37,1089.17,403.94,31.0
159335,TPT.St.CD-1017,AGUARAGÜE,tupambi,2019-02,4607.26,951.82,347.63,28.0
159335,TPT.St.CD-1017,AGUARAGÜE,tupambi,2019-03,5019.36,950.46,394.57,31.0
159335,TPT.St.CD-1017,AGUARAGÜE,tupambi,2019-04,4902.4,951.07,380.61,30.0
159335,TPT.St.CD-1017,AGUARAGÜE,tupambi,2019-05,4999.33,1003.19,394.1,31.0
159335,TPT.St.CD-1017,AGUARAGÜE,tupambi,2019-06,4786.86,963.0,375.44,30.0
159335,TPT.St.CD-1017,AGUARAGÜE,tupambi,2019-07,4973.7,984.29,383.65,31.0
159335,TPT.St.CD-1017,AGUARAGÜE,tupambi,2019-08,4992.27,975.47,372.71,31.0
159335,TPT.St.CD-1017,AGUARAGÜE,tupambi,2019-09,4853.15,965.04,356.02,30.0
159335,TPT.St.CD-1017,AGUARAGÜE,tupambi,2019-10,4943.88,929.74,365.02,31.0
159335,TPT.St.CD-1017,AGUARAGÜE,tupambi,2019-11,4584.87,871.58,341.35,29.77
159335,TPT.St.CD-1017,AGUARAGÜE,tupambi,2019-12,4575.8,870.13,341.63,31.0
159335,TPT.St.CD-1017,AGUARAGÜE,tupambi,2020-01,4531.3,863.58,340.12,31.0
159335,TPT.St.CD-1017,AGUARAGÜE,tupambi,2020-02,4146.02,837.87,296.9,28.5
159335,TPT.St.CD-1017,AGUARAGÜE,tupambi,2020-03,4422.49,881.16,315.54,31.0
159335,TPT.St.CD-1017,AGUARAGÜE,tupambi,2020-04,4224.88,845.6,304.69,30.0
159335,TPT.St.CD-1017,AGUARAGÜE,tupambi,2020-05,4232.4,856.83,302.14,31.0
159335,TPT.St.CD-1017,AGUARAGÜE,tupambi,2020-06,4157.76,830.74,291.11,30.0
159335,TPT.St.CD-1017,AGUARAGÜE,tupambi,2020-07,4291.6,856.91,300.45,31.0
159335,TPT.St.CD-1017,AGUARAGÜE,tupambi,2020-08,4252.15,823.28,295.71,31.0
159335,TPT.St.CD-1017,AGUARAGÜE,tupambi,2020-09,3988.77,784.02,276.81,29.48
159335,TPT.St.CD-1017,AGUARAGÜE,tupambi,2020-10,4129.31,801.38,294.6,31.0
159335,TPT.St.CD-1017,AGUARAGÜE,tupambi,2020-11,3901.9,759.94,272.53,30.0
159335,TPT.St.CD-1017,AGUARAGÜE,tupambi,2020-12,3860.64,768.35,276.48,31.0
159335,TPT.St.CD-1017,AGUARAGÜE,tupambi,2021-01,3800.64,719.89,297.48,31.0
159335,TPT.St.CD-1017,AGUARAGÜE,tupambi,2021-02,3545.15,686.05,274.58,28.0
159335,TPT.St.CD-1017,AGUARAGÜE,tupambi,2021-03,3929.51,753.35,304.93,31.0
159335,TPT.St.CD-1017,AGUARAGÜE,tupambi,2021-04,3750.77,619.86,292.38,29.96
159335,TPT.St.CD-1017,AGUARAGÜE,tupambi,2021-05,3737.48,560.23,310.64,30.92
159335,TPT.St.CD-1017,AGUARAGÜE,tupambi,2021-06,3624.9,515.89,303.34,30.0
159335,TPT.St.CD-1017,AGUARAGÜE,tupambi,2021-07,4010.35,589.44,318.81,30.82
159335,TPT.St.CD-1017,AGUARAGÜE,tupambi,2021-08,3696.6,589.46,300.24,29.84
159335,TPT.St.CD-1017,AGUARAGÜE,tupambi,2021-09,3495.11,538.93,292.81,30.0
159335,TPT.St.CD-1017,AGUARAGÜE,tupambi,2021-10,3650.04,555.64,302.52,30.99
159335,TPT.St.CD-1017,AGUARAGÜE,tupambi,2021-11,3616.25,546.17,298.74,29.12
159335,TPT.St.CD-1017,AGUARAGÜE,tupambi,2021-12,3812.06,517.77,307.68,30.86
159335,TPT.St.CD-1017,AGUARAGÜE,tupambi,2022-01,3653.63,504.95,286.34,30.87
159335,TPT.St.CD-1017,AGUARAGÜE,tupambi,2022-02,3596.6,508.4,268.39,27.78
159335,TPT.St.CD-1017,AGUARAGÜE,tupambi,2022-03,3863.69,554.73,271.52,29.86
159335,TPT.St.CD-1017,AGUARAGÜE,tupambi,2022-04,3688.88,549.96,247.55,29.35
159335,TPT.St.CD-1017,AGUARAGÜE,tupambi,2022-05,1931.04,278.57,145.25,15.07
159335,TPT.St.CD-1017,AGUARAGÜE,tupambi,2022-06,286.3,45.07,71.47,14.17
159335,TPT.St.CD-1017,AGUARAGÜE,tupambi,2022-07,862.57,124.52,271.34,30.95
159335,TPT.St.CD-1017,AGUARAGÜE,tupambi,2022-08,1590.22,188.81,313.43,31.0
159335,TPT.St.CD-1017,AGUARAGÜE,tupambi,2022-09,1963.63,263.33,251.09,30.0
159335,TPT.St.CD-1017,AGUARAGÜE,tupambi,2022-10,2218.38,289.57,248.08,31.0
159335,TPT.St.CD-1017,AGUARAGÜE,tupambi,2022-11,2408.75,275.71,241.58,28.98
159335,TPT.St.CD-1017,AGUARAGÜE,tupambi,2022-12,2605.22,294.68,239.23,30.62
159335,TPT.St.CD-1017,AGUARAGÜE,tupambi,2023-01,2677.02,321.85,227.47,30.94
159335,TPT.St.CD-1017,AGUARAGÜE,tupambi,2023-02,2409.34,363.61,202.88,27.6
159335,TPT.St.CD-1017,AGUARAGÜE,tupambi,2023-03,2656.43,433.9,229.19,31.0
159335,TPT.St.CD-1017,AGUARAGÜE,tupambi,2023-04,2589.72,410.94,221.82,30.0
159335,TPT.St.CD-1017,AGUARAGÜE,tupambi,2023-05,2648.61,423.24,226.24,31.0
159335,TPT.St.CD-1017,AGUARAGÜE,tupambi,2023-06,2515.55,408.98,216.15,29.75
159335,TPT.St.CD-1017,AGUARAGÜE,tupambi,2023-07,2629.51,437.3,157.88,31.0
159335,TPT.St.CD-1017,AGUARAGÜE,tupambi,2023-08,2640.95,435.73,121.19,31.0
159335,TPT.St.CD-1017,AGUARAGÜE,tupambi,2023-09,2504.77,405.02,114.06,29.43
159335,TPT.St.CD-1017,AGUARAGÜE,tupambi,2023-10,2628.61,432.21,162.94,31.0
159335,TPT.St.CD-1017,AGUARAGÜE,tupambi,2023-11,2517.33,419.93,233.34,30.0
159335,TPT.St.CD-1017,AGUARAGÜE,tupambi,2023-12,2595.31,421.92,241.32,31.0
159335,TPT.St.CD-1017,AGUARAGÜE,tupambi,2024-01,2584.51,428.9,241.09,31.0
159335,TPT.St.CD-1017,AGUARAGÜE,tupambi,2024-02,2426.37,391.22,225.11,29.0
159335,TPT.St.CD-1017,AGUARAGÜE,tupambi,2024-03,2610.54,434.74,240.88,30.94
159335,TPT.St.CD-1017,AGUARAGÜE,tupambi,2024-04,2504.22,443.97,232.7,30.0
159335,TPT.St.CD-1017,AGUARAGÜE,tupambi,2024-05,2607.18,455.03,241.87,31.0
159335,TPT.St.CD-1017,AGUARAGÜE,tupambi,2024-06,2497.34,430.46,234.18,30.0
159335,TPT.St.CD-1017,AGUARAGÜE,tupambi,2024-07,2599.45,429.33,240.43,31.0
159335,TPT.St.CD-1017,AGUARAGÜE,tupambi,2024-08,2569.57,420.04,239.82,31.0
159335,TPT.St.CD-1017,AGUARAGÜE,tupambi,2024-09,2484.5,399.09,230.6,30.0
159335,TPT.St.CD-1017,AGUARAGÜE,tupambi,2024-10,2580.75,396.47,236.62,31.0
159335,TPT.St.CD-1017,AGUARAGÜE,tupambi,2024-11,2325.66,346.46,215.4,30.0
159335,TPT.St.CD-1017,AGUARAGÜE,tupambi,2024-12,2609.03,405.35,237.65,31.0
159335,TPT.St.CD-1017,AGUARAGÜE,tupambi,2025-01,2626.09,406.53,240.0,31.0
159335,TPT.St.CD-1017,AGUARAGÜE,tupambi,2025-02,2373.43,354.32,217.2,28.0
159335,TPT.St.CD-1017,AGUARAGÜE,tupambi,2025-03,2623.91,396.81,240.4,31.0
159335,TPT.St.CD-1017,AGUARAGÜE,tupambi,2025-04,2570.31,361.4,175.62,30.0
159335,TPT.St.CD-1017,AGUARAGÜE,tupambi,2025-05,2570.34,348.1,154.64,31.0
159335,TPT.St.CD-1017,AGUARAGÜE,tupambi,2025-06,2224.81,290.55,149.99,30.0
159335,TPT.St.CD-1017,AGUARAGÜE,tupambi,2025-07,2341.97,320.54,155.17,31.0
159335,TPT.St.CD-1017,AGUARAGÜE,tupambi,2025-08,2416.01,322.33,155.59,31.0
159335,TPT.St.CD-1017,AGUARAGÜE,tupambi,2025-09,2337.53,280.67,153.12,30.0
159335,TPT.St.CD-1017,AGUARAGÜE,tupambi,2025-10,2413.75,289.12,158.03,31.0
159335,TPT.St.CD-1017,AGUARAGÜE,tupambi,2025-11,2476.72,305.83,152.67,30.0
159335,TPT.St.CD-1017,AGUARAGÜE,tupambi,2025-12,2383.98,311.16,158.5,31.0
159335,TPT.St.CD-1017,AGUARAGÜE,tupambi,2026-01,2375.08,257.31,159.94,31.0
159335,TPT.St.CD-1017,AGUARAGÜE,tupambi,2026-02,2143.08,285.43,144.93,28.0
159335,TPT.St.CD-1017,AGUARAGÜE,tupambi,2026-03,2358.97,308.04,161.1,31.0
159335,TPT.St.CD-1017,AGUARAGÜE,tupambi,2026-04,2279.33,267.44,153.66,30.0
159335,TPT.St.CD-1017,AGUARAGÜE,tupambi,2026-05,2348.87,316.73,158.89,31.0
159335,TPT.St.CD-1017,AGUARAGÜE,tupambi,2026-06,2278.41,275.49,157.08,30.0
34663,YPF.St.SP.x-1,ACAMBUCO,huamampampa,2019-01,14339.4,1175.08,130.08,31.0
34663,YPF.St.SP.x-1,ACAMBUCO,huamampampa,2019-02,12911.47,1083.45,118.14,28.0
34663,YPF.St.SP.x-1,ACAMBUCO,huamampampa,2019-03,14241.35,1161.8,129.71,31.0
34663,YPF.St.SP.x-1,ACAMBUCO,huamampampa,2019-04,13936.61,1144.45,126.47,30.0
34663,YPF.St.SP.x-1,ACAMBUCO,huamampampa,2019-05,14298.09,1138.71,131.78,30.92
34663,YPF.St.SP.x-1,ACAMBUCO,huamampampa,2019-06,13955.08,1099.61,125.17,30.0
34663,YPF.St.SP.x-1,ACAMBUCO,huamampampa,2019-07,14332.51,1577.0,143.46,31.0
34663,YPF.St.SP.x-1,ACAMBUCO,huamampampa,2019-08,14448.76,1097.9,148.33,31.0
34663,YPF.St.SP.x-1,ACAMBUCO,huamampampa,2019-09,13935.47,1112.48,134.87,30.0
34663,YPF.St.SP.x-1,ACAMBUCO,huamampampa,2019-10,14423.55,1131.81,139.53,31.0
34663,YPF.St.SP.x-1,ACAMBUCO,huamampampa,2019-11,13896.68,1076.73,140.05,30.0
34663,YPF.St.SP.x-1,ACAMBUCO,huamampampa,2019-12,14254.34,1081.95,146.19,31.0
34663,YPF.St.SP.x-1,ACAMBUCO,huamampampa,2020-01,14048.68,1041.35,146.51,31.0
34663,YPF.St.SP.x-1,ACAMBUCO,huamampampa,2020-02,13212.07,952.71,136.32,29.0
34663,YPF.St.SP.x-1,ACAMBUCO,huamampampa,2020-03,14017.09,1013.93,148.83,31.0
34663,YPF.St.SP.x-1,ACAMBUCO,huamampampa,2020-04,13594.69,1010.28,144.19,30.0
34663,YPF.St.SP.x-1,ACAMBUCO,huamampampa,2020-05,13974.72,1013.9,148.73,31.0
34663,YPF.St.SP.x-1,ACAMBUCO,huamampampa,2020-06,13422.6,976.44,129.35,30.0
34663,YPF.St.SP.x-1,ACAMBUCO,huamampampa,2020-07,13832.28,986.19,132.74,31.0
34663,YPF.St.SP.x-1,ACAMBUCO,huamampampa,2020-08,13827.82,960.25,158.46,31.0
34663,YPF.St.SP.x-1,ACAMBUCO,huamampampa,2020-09,13360.01,946.8,151.99,30.0
34663,YPF.St.SP.x-1,ACAMBUCO,huamampampa,2020-10,13799.27,978.66,158.51,31.0
34663,YPF.St.SP.x-1,ACAMBUCO,huamampampa,2020-11,13329.86,904.44,153.08,30.0
34663,YPF.St.SP.x-1,ACAMBUCO,huamampampa,2020-12,13721.14,935.84,158.88,31.0
34663,YPF.St.SP.x-1,ACAMBUCO,huamampampa,2021-01,13688.89,970.91,160.23,31.0
34663,YPF.St.SP.x-1,ACAMBUCO,huamampampa,2021-02,12092.57,812.5,126.15,28.0
34663,YPF.St.SP.x-1,ACAMBUCO,huamampampa,2021-03,13211.35,911.96,140.11,31.0
34663,YPF.St.SP.x-1,ACAMBUCO,huamampampa,2021-04,12769.97,936.1,136.37,30.0
34663,YPF.St.SP.x-1,ACAMBUCO,huamampampa,2021-05,13738.25,937.97,138.66,31.0
34663,YPF.St.SP.x-1,ACAMBUCO,huamampampa,2021-06,13343.59,948.94,133.81,30.0
34663,YPF.St.SP.x-1,ACAMBUCO,huamampampa,2021-07,13674.84,971.25,143.21,31.0
34663,YPF.St.SP.x-1,ACAMBUCO,huamampampa,2021-08,13648.66,936.75,145.94,31.0
34663,YPF.St.SP.x-1,ACAMBUCO,huamampampa,2021-09,13149.52,918.96,137.7,30.0
34663,YPF.St.SP.x-1,ACAMBUCO,huamampampa,2021-10,13523.26,940.17,142.54,31.0
34663,YPF.St.SP.x-1,ACAMBUCO,huamampampa,2021-11,13219.42,1095.32,140.94,30.0
34663,YPF.St.SP.x-1,ACAMBUCO,huamampampa,2021-12,13544.67,970.57,134.89,31.0
34663,YPF.St.SP.x-1,ACAMBUCO,huamampampa,2022-01,13440.48,920.34,132.66,31.0
34663,YPF.St.SP.x-1,ACAMBUCO,huamampampa,2022-02,12143.2,872.18,122.21,28.0
34663,YPF.St.SP.x-1,ACAMBUCO,huamampampa,2022-03,13367.33,952.7,122.47,31.0
34663,YPF.St.SP.x-1,ACAMBUCO,huamampampa,2022-04,12848.42,913.04,119.55,30.0
34663,YPF.St.SP.x-1,ACAMBUCO,huamampampa,2022-05,13348.0,914.84,136.78,31.0
34663,YPF.St.SP.x-1,ACAMBUCO,huamampampa,2022-06,12812.14,874.03,131.74,30.0
34663,YPF.St.SP.x-1,ACAMBUCO,huamampampa,2022-07,13186.12,854.16,143.35,31.0
34663,YPF.St.SP.x-1,ACAMBUCO,huamampampa,2022-08,13168.39,852.09,138.89,31.0
34663,YPF.St.SP.x-1,ACAMBUCO,huamampampa,2022-09,12667.65,836.91,129.76,30.0
34663,YPF.St.SP.x-1,ACAMBUCO,huamampampa,2022-10,13114.33,883.24,138.66,31.0
34663,YPF.St.SP.x-1,ACAMBUCO,huamampampa,2022-11,12658.66,703.03,170.63,30.0
34663,YPF.St.SP.x-1,ACAMBUCO,huamampampa,2022-12,13023.11,881.28,133.69,31.0
34663,YPF.St.SP.x-1,ACAMBUCO,huamampampa,2023-01,12955.85,871.73,140.49,31.0
34663,YPF.St.SP.x-1,ACAMBUCO,huamampampa,2023-02,11661.92,749.18,119.7,28.0
34663,YPF.St.SP.x-1,ACAMBUCO,huamampampa,2023-03,12748.5,829.99,135.28,31.0
34663,YPF.St.SP.x-1,ACAMBUCO,huamampampa,2023-04,12362.13,762.86,158.37,30.0
34663,YPF.St.SP.x-1,ACAMBUCO,huamampampa,2023-05,12605.38,829.85,135.79,31.0
34663,YPF.St.SP.x-1,ACAMBUCO,huamampampa,2023-06,12201.0,790.46,126.15,30.0
34663,YPF.St.SP.x-1,ACAMBUCO,huamampampa,2023-07,12617.51,834.13,134.1,31.0
34663,YPF.St.SP.x-1,ACAMBUCO,huamampampa,2023-08,12452.61,810.39,133.38,31.0
34663,YPF.St.SP.x-1,ACAMBUCO,huamampampa,2023-09,11896.51,748.48,130.59,30.0
34663,YPF.St.SP.x-1,ACAMBUCO,huamampampa,2023-10,12565.07,814.67,129.72,31.0
34663,YPF.St.SP.x-1,ACAMBUCO,huamampampa,2023-11,11772.12,754.33,123.11,30.0
34663,YPF.St.SP.x-1,ACAMBUCO,huamampampa,2023-12,12399.49,812.74,149.02,31.0
34663,YPF.St.SP.x-1,ACAMBUCO,huamampampa,2024-01,12361.4,817.59,140.96,31.0
34663,YPF.St.SP.x-1,ACAMBUCO,huamampampa,2024-02,11535.85,715.03,118.9,29.0
34663,YPF.St.SP.x-1,ACAMBUCO,huamampampa,2024-03,12227.47,765.67,129.42,31.0
34663,YPF.St.SP.x-1,ACAMBUCO,huamampampa,2024-04,11777.8,702.35,125.85,30.0
34663,YPF.St.SP.x-1,ACAMBUCO,huamampampa,2024-05,12105.89,756.6,130.67,31.0
34663,YPF.St.SP.x-1,ACAMBUCO,huamampampa,2024-06,11517.72,776.35,125.42,30.0
34663,YPF.St.SP.x-1,ACAMBUCO,huamampampa,2024-07,11928.78,840.56,124.89,31.0
34663,YPF.St.SP.x-1,ACAMBUCO,huamampampa,2024-08,11919.72,820.18,127.8,31.0
34663,YPF.St.SP.x-1,ACAMBUCO,huamampampa,2024-09,11533.06,748.12,125.17,30.0
34663,YPF.St.SP.x-1,ACAMBUCO,huamampampa,2024-10,11799.94,918.53,130.92,31.0
34663,YPF.St.SP.x-1,ACAMBUCO,huamampampa,2024-11,11442.29,747.16,123.68,30.0
34663,YPF.St.SP.x-1,ACAMBUCO,huamampampa,2024-12,11843.15,838.88,130.97,31.0
34663,YPF.St.SP.x-1,ACAMBUCO,huamampampa,2025-01,11922.38,783.27,130.82,31.0
34663,YPF.St.SP.x-1,ACAMBUCO,huamampampa,2025-02,10709.9,740.77,119.52,28.0
34663,YPF.St.SP.x-1,ACAMBUCO,huamampampa,2025-03,11845.61,819.19,129.22,31.0
34663,YPF.St.SP.x-1,ACAMBUCO,huamampampa,2025-04,11502.36,825.46,80.82,30.0
34663,YPF.St.SP.x-1,ACAMBUCO,huamampampa,2025-05,11500.08,702.96,55.46,31.0
34663,YPF.St.SP.x-1,ACAMBUCO,huamampampa,2025-06,11393.32,774.04,53.33,30.0
34663,YPF.St.SP.x-1,ACAMBUCO,huamampampa,2025-07,10398.24,890.61,172.34,31.0
34663,YPF.St.SP.x-1,ACAMBUCO,huamampampa,2025-08,7242.22,708.37,169.87,31.0
34663,YPF.St.SP.x-1,ACAMBUCO,huamampampa,2025-09,4667.9,366.21,77.14,30.0
34663,YPF.St.SP.x-1,ACAMBUCO,huamampampa,2025-10,3754.83,318.47,73.34,31.0
34663,YPF.St.SP.x-1,ACAMBUCO,huamampampa,2025-11,3063.56,320.68,79.7,30.0
34663,YPF.St.SP.x-1,ACAMBUCO,huamampampa,2025-12,2901.64,266.12,111.21,31.0
34663,YPF.St.SP.x-1,ACAMBUCO,huamampampa,2026-01,2522.11,222.84,160.85,31.0
34663,YPF.St.SP.x-1,ACAMBUCO,huamampampa,2026-02,1829.24,155.31,158.8,28.0
34663,YPF.St.SP.x-1,ACAMBUCO,huamampampa,2026-03,1679.84,245.49,174.36,31.0
34663,YPF.St.SP.x-1,ACAMBUCO,huamampampa,2026-04,807.88,65.78,121.33,30.0
34663,YPF.St.SP.x-1,ACAMBUCO,huamampampa,2026-05,638.85,33.26,76.66,31.0
34663,YPF.St.SP.x-1,ACAMBUCO,huamampampa,2026-06,1005.36,36.94,204.84,30.0
