prfInformationCarrier,prfYear,prfMonth,prfPrdOilNetMillSm3,prfPrdGasNetBillSm3,prfPrdNGLNetMillSm3,prfPrdCondensateNetMillSm3,prfPrdOeNetMillSm3,prfPrdProducedWaterInFieldMillSm3,prfNpdidInformationCarrier
VOLVE,2008,2,0.04909,0.00000,0.00000,0.00000,0.04909,0.00005,3420717
VOLVE,2008,3,0.08441,0.00230,0.00086,0.00030,0.08787,0.00000,3420717
VOLVE,2008,4,0.07576,0.00758,0.00292,0.00115,0.08741,0.00000,3420717
VOLVE,2008,5,0.12689,0.01393,0.00539,0.00202,0.14822,0.00000,3420717
VOLVE,2008,6,0.14428,0.00032,0.00532,0.00200,0.15193,0.00000,3420717
VOLVE,2008,7,0.16517,0.01738,0.00616,0.00235,0.19106,0.00000,3420717
VOLVE,2008,8,0.16705,0.01408,0.00586,0.00239,0.18938,0.00058,3420717
VOLVE,2008,9,0.19414,0.01771,0.00678,0.00282,0.22145,0.00046,3420717
VOLVE,2008,10,0.23664,0.02268,0.00999,0.00387,0.27318,0.00073,3420717
VOLVE,2008,11,0.25033,0.02585,0.01073,0.00424,0.29115,0.00258,3420717
VOLVE,2008,12,0.27664,0.03295,0.01316,0.00507,0.32782,0.00107,3420717
VOLVE,2009,1,0.26920,0.03146,0.01253,0.00417,0.31737,0.00137,3420717
VOLVE,2009,2,0.23646,0.02643,0.01080,0.00361,0.27730,0.00253,3420717
VOLVE,2009,3,0.18951,0.02122,0.00909,0.00279,0.22261,0.00499,3420717
VOLVE,2009,4,0.23751,0.02759,0.01073,0.00319,0.27902,0.00149,3420717
VOLVE,2009,5,0.25721,0.02774,0.01085,0.00320,0.29900,0.00655,3420717
VOLVE,2009,6,0.22657,0.02338,0.00992,0.00308,0.26295,0.01380,3420717
VOLVE,2009,7,0.18577,0.01726,0.00664,0.00196,0.21162,0.02362,3420717
VOLVE,2009,8,0.22455,0.02378,0.00906,0.00268,0.26007,0.02582,3420717
VOLVE,2009,9,0.17976,0.01858,0.00718,0.00217,0.20770,0.01751,3420717
VOLVE,2009,10,0.22452,0.02522,0.00956,0.00285,0.26214,0.03291,3420717
VOLVE,2009,11,0.23426,0.02644,0.00935,0.00275,0.27280,0.05268,3420717
VOLVE,2009,12,0.25208,0.02743,0.00982,0.00301,0.29234,0.09018,3420717
VOLVE,2010,1,0.23216,0.02378,0.00821,0.00251,0.26666,0.10024,3420717
VOLVE,2010,2,0.16583,0.01660,0.00598,0.00179,0.19021,0.10522,3420717
VOLVE,2010,3,0.16853,0.00220,0.00086,0.00029,0.17188,0.11858,3420717
VOLVE,2010,4,0.16032,0.01886,0.00695,0.00206,0.18818,0.13786,3420717
VOLVE,2010,5,0.16554,0.01889,0.00663,0.00202,0.19307,0.16091,3420717
VOLVE,2010,6,0.14507,0.01527,0.00549,0.00176,0.16759,0.17985,3420717
VOLVE,2010,7,0.13548,0.01404,0.00515,0.00147,0.15613,0.19627,3420717
VOLVE,2010,8,0.06892,0.00613,0.00219,0.00067,0.07791,0.11124,3420717
VOLVE,2010,9,0.10715,0.00765,0.00282,0.00086,0.11847,0.15594,3420717
VOLVE,2010,10,0.13161,0.01290,0.00460,0.00137,0.15048,0.20049,3420717
VOLVE,2010,11,0.10766,0.00985,0.00355,0.00106,0.12212,0.19921,3420717
VOLVE,2010,12,0.11030,0.01056,0.00380,0.00114,0.12579,0.22298,3420717
VOLVE,2011,1,0.10710,0.00966,0.00346,0.00100,0.12123,0.22805,3420717
VOLVE,2011,2,0.07471,0.00665,0.00238,0.00073,0.08446,0.16477,3420717
VOLVE,2011,3,0.09525,0.00909,0.00315,0.00094,0.10843,0.23074,3420717
VOLVE,2011,4,0.09156,0.00885,0.00266,0.00065,0.10371,0.23825,3420717
VOLVE,2011,5,0.09019,0.00874,0.00272,0.00066,0.10230,0.24890,3420717
VOLVE,2011,6,0.05351,0.00466,0.00141,0.00036,0.05995,0.15582,3420717
VOLVE,2011,7,0.03255,0.00248,0.00074,0.00018,0.03596,0.07390,3420717
VOLVE,2011,8,0.08729,0.00802,0.00239,0.00058,0.09828,0.20794,3420717
VOLVE,2011,9,0.08200,0.00681,0.00199,0.00047,0.09128,0.24443,3420717
VOLVE,2011,10,0.03465,0.00283,0.00085,0.00021,0.03855,0.10936,3420717
VOLVE,2011,11,0.05825,0.00467,0.00144,0.00036,0.06471,0.14936,3420717
VOLVE,2011,12,0.05234,0.00432,0.00135,0.00032,0.05834,0.13912,3420717
VOLVE,2012,1,0.04631,0.00375,0.00115,0.00028,0.05150,0.12138,3420717
VOLVE,2012,2,0.06470,0.00540,0.00172,0.00040,0.07222,0.18975,3420717
VOLVE,2012,3,0.06286,0.00514,0.00158,0.00038,0.06996,0.20241,3420717
VOLVE,2012,4,0.06236,0.00509,0.00162,0.00039,0.06946,0.21092,3420717
VOLVE,2012,5,0.05843,0.00417,0.00127,0.00031,0.06419,0.22308,3420717
VOLVE,2012,6,0.05410,0.00365,0.00108,0.00027,0.05909,0.21427,3420717
VOLVE,2012,7,0.05496,0.00419,0.00064,0.00014,0.05993,0.22413,3420717
VOLVE,2012,8,0.02226,0.00162,0.00024,0.00006,0.02419,0.08804,3420717
VOLVE,2012,9,0.00263,0.00009,0.00000,0.00000,0.00272,0.00743,3420717
VOLVE,2012,10,0.05346,0.00423,0.00068,0.00016,0.05853,0.18138,3420717
VOLVE,2012,11,0.05614,0.00401,0.00066,0.00013,0.06094,0.22214,3420717
VOLVE,2012,12,0.04838,0.00412,0.00066,0.00014,0.05330,0.22519,3420717
VOLVE,2013,1,0.04931,0.00380,0.00059,0.00013,0.05383,0.23957,3420717
VOLVE,2013,2,0.04209,0.00270,0.00040,0.00009,0.04528,0.21845,3420717
VOLVE,2013,3,0.02563,0.00142,0.00021,0.00005,0.02731,0.12774,3420717
VOLVE,2013,4,0.03681,0.00247,0.00034,0.00009,0.03971,0.18240,3420717
VOLVE,2013,5,0.04476,0.00296,0.00045,0.00011,0.04828,0.25672,3420717
VOLVE,2013,6,0.03581,0.00109,0.00017,0.00004,0.03711,0.20597,3420717
VOLVE,2013,7,0.04016,0.00231,0.00031,0.00007,0.04284,0.20676,3420717
VOLVE,2013,8,0.06318,0.00462,0.00061,0.00013,0.06854,0.24497,3420717
VOLVE,2013,9,0.05212,0.00399,0.00051,0.00011,0.05674,0.19893,3420717
VOLVE,2013,10,0.06212,0.00489,0.00066,0.00014,0.06782,0.23622,3420717
VOLVE,2013,11,0.06293,0.00508,0.00067,0.00014,0.06881,0.23052,3420717
VOLVE,2013,12,0.05741,0.00463,0.00061,0.00013,0.06277,0.22813,3420717
VOLVE,2014,1,0.06300,0.00496,0.00067,0.00014,0.06876,0.19810,3420717
VOLVE,2014,2,0.05773,0.00431,0.00059,0.00013,0.06276,0.20957,3420717
VOLVE,2014,3,0.06367,0.00439,0.00064,0.00013,0.06881,0.23255,3420717
VOLVE,2014,4,0.07736,0.00003,0.00077,0.00000,0.07816,0.25013,3420717
VOLVE,2014,5,0.08491,0.00003,0.00066,0.00000,0.08560,0.19340,3420717
VOLVE,2014,6,0.08190,0.00003,0.00084,0.00000,0.08277,0.26361,3420717
VOLVE,2014,7,0.07573,0.00002,0.00067,0.00000,0.07643,0.26512,3420717
VOLVE,2014,8,0.05158,0.00001,0.00029,0.00000,0.05188,0.22005,3420717
VOLVE,2014,9,0.06374,0.00002,0.00048,0.00000,0.06424,0.26398,3420717
VOLVE,2014,10,0.06554,0.00002,0.00067,0.00000,0.06623,0.28117,3420717
VOLVE,2014,11,0.05445,0.00002,0.00053,0.00000,0.05499,0.23488,3420717
VOLVE,2014,12,0.02024,0.00000,0.00000,0.00000,0.02024,0.10352,3420717
VOLVE,2015,1,0.08390,0.00010,0.00298,0.00000,0.08698,0.12753,3420717
VOLVE,2015,2,0.06854,0.00008,0.00227,0.00000,0.07089,0.13203,3420717
VOLVE,2015,3,0.08275,0.00005,0.00182,0.00000,0.08462,0.15801,3420717
VOLVE,2015,4,0.09113,0.00003,0.00092,0.00000,0.09208,0.15608,3420717
VOLVE,2015,5,0.08872,0.00003,0.00092,0.00000,0.08967,0.15902,3420717
VOLVE,2015,6,0.08527,0.00003,0.00087,0.00000,0.08617,0.17100,3420717
VOLVE,2015,7,0.07597,0.00003,0.00081,0.00000,0.07680,0.17754,3420717
VOLVE,2015,8,0.05746,0.00002,0.00058,0.00000,0.05806,0.15029,3420717
VOLVE,2015,9,0.06451,0.00002,0.00062,0.00000,0.06516,0.17574,3420717
VOLVE,2015,10,0.05944,0.00002,0.00057,0.00000,0.06003,0.19121,3420717
VOLVE,2015,11,0.06148,0.00002,0.00063,0.00000,0.06213,0.20521,3420717
VOLVE,2015,12,0.06159,0.00002,0.00063,0.00000,0.06224,0.20617,3420717
VOLVE,2016,1,0.05313,0.00540,0.00051,0.00000,0.05904,0.22178,3420717
VOLVE,2016,2,0.04890,0.00481,0.00046,0.00000,0.05417,0.21006,3420717
VOLVE,2016,3,0.04449,0.00428,0.00043,0.00000,0.04920,0.23371,3420717
VOLVE,2016,4,0.03370,0.00278,0.00026,0.00000,0.03674,0.19950,3420717
VOLVE,2016,5,0.04024,0.00352,0.00032,0.00000,0.04407,0.20896,3420717
VOLVE,2016,6,0.03695,0.00324,0.00028,0.00000,0.04047,0.20246,3420717
VOLVE,2016,7,0.03342,0.00341,0.00031,0.00000,0.03713,0.14854,3420717
VOLVE,2016,8,0.02628,0.00058,0.00005,0.00000,0.02690,0.10107,3420717
VOLVE,2016,9,0.00958,0.00000,0.00000,0.00000,0.00958,0.04678,3420717
VOLVE,2016,10,0.00000,0.00000,0.00000,0.00000,0.00000,0.00000,3420717
VOLVE,2016,11,0.00000,0.00000,0.00000,0.00000,0.00000,0.00000,3420717
VOLVE,2016,12,0.00000,0.00000,0.00000,0.00000,0.00000,0.00000,3420717
VOLVE,2017,1,0.00000,0.00000,0.00000,0.00000,0.00000,0.00000,3420717
VOLVE,2017,2,0.00000,0.00000,0.00000,0.00000,0.00000,0.00000,3420717
VOLVE,2017,3,0.00000,0.00000,0.00000,0.00000,0.00000,0.00000,3420717
VOLVE,2017,4,0.00000,0.00000,0.00000,0.00000,0.00000,0.00000,3420717
VOLVE,2017,5,0.00000,0.00000,0.00000,0.00000,0.00000,0.00000,3420717
VOLVE,2017,6,0.00000,0.00000,0.00000,0.00000,0.00000,0.00000,3420717
VOLVE,2017,7,0.00000,0.00000,0.00000,0.00000,0.00000,0.00000,3420717
